run_name,run_dir,seed,device,img_size,batch_size,epochs_requested,epochs_executed,learning_rate,optimizer,dropout_conv,dropout_fc,weight_decay,use_early_stopping,early_stopping_patience,best_val_acc,best_epoch,final_val_acc,final_val_loss,total_training_time_sec,test_accuracy,test_precision_macro,test_recall_macro,test_f1_macro,best_model_path,metrics_file,experiment_group,run_folder
treinamento_imagens_4_fase1_1_2026-04-04_08-10-38_bs32_ep250_lr0.0001_optRMSprop_dc0.25_df0.3_wd0.0001,C:\tcc mesonet\experiments\mesonet\treinamento_imagens_4_fase1_1\treinamento_imagens_4_fase1_1_2026-04-04_08-10-38_bs32_ep250_lr0.0001_optRMSprop_dc0.25_df0.3_wd0.0001,42,cuda,256,32,250,250,0.0001,RMSprop,0.25,0.3,0.0001,False,10.0,0.988469,170,0.987188,0.046459,5946.4885,0.988476,0.988485,0.988475,0.988476,C:\tcc mesonet\experiments\mesonet\treinamento_imagens_4_fase1_1\treinamento_imagens_4_fase1_1_2026-04-04_08-10-38_bs32_ep250_lr0.0001_optRMSprop_dc0.25_df0.3_wd0.0001\best_model.pt,C:\tcc mesonet\experiments\mesonet\treinamento_imagens_4_fase1_1\treinamento_imagens_4_fase1_1_2026-04-04_08-10-38_bs32_ep250_lr0.0001_optRMSprop_dc0.25_df0.3_wd0.0001\metrics.json,treinamento_imagens_4_fase1_1,treinamento_imagens_4_fase1_1_2026-04-04_08-10-38_bs32_ep250_lr0.0001_optRMSprop_dc0.25_df0.3_wd0.0001
treinamento_imagens_4_fase3_2026-04-08_18-02-20_bs32_ep250_lr0.0001_optRMSprop_dc0.25_df0.3_wd0.0001,C:\tcc mesonet\experiments\mesonet\treinamento_imagens_4_fase3\treinamento_imagens_4_fase3_2026-04-08_18-02-20_bs32_ep250_lr0.0001_optRMSprop_dc0.25_df0.3_wd0.0001,42,cuda,256,32,250,250,0.0001,RMSprop,0.25,0.3,0.0001,False,10.0,0.988469,170,0.987188,0.046459,6054.2138,0.988476,0.988485,0.988475,0.988476,C:\tcc mesonet\experiments\mesonet\treinamento_imagens_4_fase3\treinamento_imagens_4_fase3_2026-04-08_18-02-20_bs32_ep250_lr0.0001_optRMSprop_dc0.25_df0.3_wd0.0001\best_model.pt,C:\tcc mesonet\experiments\mesonet\treinamento_imagens_4_fase3\treinamento_imagens_4_fase3_2026-04-08_18-02-20_bs32_ep250_lr0.0001_optRMSprop_dc0.25_df0.3_wd0.0001\metrics.json,treinamento_imagens_4_fase3,treinamento_imagens_4_fase3_2026-04-08_18-02-20_bs32_ep250_lr0.0001_optRMSprop_dc0.25_df0.3_wd0.0001
treinamento_imagens_4_fase1_2026-04-03_12-22-26_bs32_ep200_lr0.0001_optRMSprop_dc0.25_df0.3_wd0.0001,C:\tcc mesonet\experiments\mesonet\treinamento_imagens_4_fase1\treinamento_imagens_4_fase1_2026-04-03_12-22-26_bs32_ep200_lr0.0001_optRMSprop_dc0.25_df0.3_wd0.0001,42,cuda,256,32,200,200,0.0001,RMSprop,0.25,0.3,0.0001,False,10.0,0.988469,170,0.986547,0.04233,4800.8489,0.988476,0.988485,0.988475,0.988476,C:\tcc mesonet\experiments\mesonet\treinamento_imagens_4_fase1\treinamento_imagens_4_fase1_2026-04-03_12-22-26_bs32_ep200_lr0.0001_optRMSprop_dc0.25_df0.3_wd0.0001\best_model.pt,C:\tcc mesonet\experiments\mesonet\treinamento_imagens_4_fase1\treinamento_imagens_4_fase1_2026-04-03_12-22-26_bs32_ep200_lr0.0001_optRMSprop_dc0.25_df0.3_wd0.0001\metrics.json,treinamento_imagens_4_fase1,treinamento_imagens_4_fase1_2026-04-03_12-22-26_bs32_ep200_lr0.0001_optRMSprop_dc0.25_df0.3_wd0.0001
mesonet_teste_epocas_base_melhor_2026-04-02_14-25-31_bs32_ep250_lr0.001_optSGD_dc0.25_df0.3_wd0.0001,C:\tcc mesonet\experiments\mesonet\treinamento_3_teste_epocas\mesonet_teste_epocas_base_melhor_2026-04-02_14-25-31_bs32_ep250_lr0.001_optSGD_dc0.25_df0.3_wd0.0001,42,cuda,256,32,250,250,0.001,SGD,0.25,0.3,0.0001,False,10.0,0.987828,233,0.985266,0.038185,5859.6058,0.987836,0.987842,0.987837,0.987836,C:\tcc mesonet\experiments\mesonet\treinamento_3_teste_epocas\mesonet_teste_epocas_base_melhor_2026-04-02_14-25-31_bs32_ep250_lr0.001_optSGD_dc0.25_df0.3_wd0.0001\best_model.pt,C:\tcc mesonet\experiments\mesonet\treinamento_imagens_3_teste_epocas\mesonet_teste_epocas_base_melhor_2026-04-02_14-25-31_bs32_ep250_lr0.001_optSGD_dc0.25_df0.3_wd0.0001\metrics.json,treinamento_imagens_3_teste_epocas,mesonet_teste_epocas_base_melhor_2026-04-02_14-25-31_bs32_ep250_lr0.001_optSGD_dc0.25_df0.3_wd0.0001
treinamento_imagens_4_fase1_1_2026-04-03_15-33-13_bs32_ep250_lr0.001_optSGD_dc0.25_df0.3_wd0.0001,C:\tcc mesonet\experiments\mesonet\treinamento_imagens_4_fase1_1\treinamento_imagens_4_fase1_1_2026-04-03_15-33-13_bs32_ep250_lr0.001_optSGD_dc0.25_df0.3_wd0.0001,42,cuda,256,32,250,250,0.001,SGD,0.25,0.3,0.0001,False,10.0,0.987828,233,0.985266,0.038185,5900.7067,0.987836,0.987842,0.987837,0.987836,C:\tcc mesonet\experiments\mesonet\treinamento_imagens_4_fase1_1\treinamento_imagens_4_fase1_1_2026-04-03_15-33-13_bs32_ep250_lr0.001_optSGD_dc0.25_df0.3_wd0.0001\best_model.pt,C:\tcc mesonet\experiments\mesonet\treinamento_imagens_4_fase1_1\treinamento_imagens_4_fase1_1_2026-04-03_15-33-13_bs32_ep250_lr0.001_optSGD_dc0.25_df0.3_wd0.0001\metrics.json,treinamento_imagens_4_fase1_1,treinamento_imagens_4_fase1_1_2026-04-03_15-33-13_bs32_ep250_lr0.001_optSGD_dc0.25_df0.3_wd0.0001
mesonet_teste_300_extra_2026-04-02_16-29-16_bs32_ep300_lr0.001_optSGD_dc0.25_df0.3_wd0.0001,C:\tcc mesonet\experiments\mesonet\teste_extra_300\mesonet_teste_300_extra_2026-04-02_16-29-16_bs32_ep300_lr0.001_optSGD_dc0.25_df0.3_wd0.0001,42,cuda,256,32,300,300,0.001,SGD,0.25,0.3,0.0001,False,10.0,0.988469,273,0.983664,0.054286,7014.7996,0.987196,0.987214,0.987198,0.987196,C:\tcc mesonet\experiments\mesonet\teste_extra_300\mesonet_teste_300_extra_2026-04-02_16-29-16_bs32_ep300_lr0.001_optSGD_dc0.25_df0.3_wd0.0001\best_model.pt,C:\tcc mesonet\experiments\mesonet\treinamento_imagens_3_teste_extra_300\mesonet_teste_300_extra_2026-04-02_16-29-16_bs32_ep300_lr0.001_optSGD_dc0.25_df0.3_wd0.0001\metrics.json,treinamento_imagens_3_teste_extra_300,mesonet_teste_300_extra_2026-04-02_16-29-16_bs32_ep300_lr0.001_optSGD_dc0.25_df0.3_wd0.0001
treinamento_imagens_4_fase1_2026-04-03_11-02-01_bs32_ep200_lr0.0001_optAdamW_dc0.25_df0.3_wd0.0001,C:\tcc mesonet\experiments\mesonet\treinamento_imagens_4_fase1\treinamento_imagens_4_fase1_2026-04-03_11-02-01_bs32_ep200_lr0.0001_optAdamW_dc0.25_df0.3_wd0.0001,42,cuda,256,32,200,200,0.0001,AdamW,0.25,0.3,0.0001,False,10.0,0.986227,191,0.983664,0.0414,4819.9131,0.986236,0.98624,0.986237,0.986236,C:\tcc mesonet\experiments\mesonet\treinamento_imagens_4_fase1\treinamento_imagens_4_fase1_2026-04-03_11-02-01_bs32_ep200_lr0.0001_optAdamW_dc0.25_df0.3_wd0.0001\best_model.pt,C:\tcc mesonet\experiments\mesonet\treinamento_imagens_4_fase1\treinamento_imagens_4_fase1_2026-04-03_11-02-01_bs32_ep200_lr0.0001_optAdamW_dc0.25_df0.3_wd0.0001\metrics.json,treinamento_imagens_4_fase1,treinamento_imagens_4_fase1_2026-04-03_11-02-01_bs32_ep200_lr0.0001_optAdamW_dc0.25_df0.3_wd0.0001
treinamento_imagens_4_fase1_1_2026-04-04_06-30-15_bs32_ep250_lr0.0001_optAdamW_dc0.25_df0.3_wd0.0001,C:\tcc mesonet\experiments\mesonet\treinamento_imagens_4_fase1_1\treinamento_imagens_4_fase1_1_2026-04-04_06-30-15_bs32_ep250_lr0.0001_optAdamW_dc0.25_df0.3_wd0.0001,42,cuda,256,32,250,250,0.0001,AdamW,0.25,0.3,0.0001,False,10.0,0.986227,191,0.982703,0.043755,6018.102,0.986236,0.98624,0.986237,0.986236,C:\tcc mesonet\experiments\mesonet\treinamento_imagens_4_fase1_1\treinamento_imagens_4_fase1_1_2026-04-04_06-30-15_bs32_ep250_lr0.0001_optAdamW_dc0.25_df0.3_wd0.0001\best_model.pt,C:\tcc mesonet\experiments\mesonet\treinamento_imagens_4_fase1_1\treinamento_imagens_4_fase1_1_2026-04-04_06-30-15_bs32_ep250_lr0.0001_optAdamW_dc0.25_df0.3_wd0.0001\metrics.json,treinamento_imagens_4_fase1_1,treinamento_imagens_4_fase1_1_2026-04-04_06-30-15_bs32_ep250_lr0.0001_optAdamW_dc0.25_df0.3_wd0.0001
treinamento_imagens_4_fase1_1_2026-04-03_23-48-45_bs32_ep250_lr0.0005_optAdamW_dc0.25_df0.3_wd0.0001,C:\tcc mesonet\experiments\mesonet\treinamento_imagens_4_fase1_1\treinamento_imagens_4_fase1_1_2026-04-03_23-48-45_bs32_ep250_lr0.0005_optAdamW_dc0.25_df0.3_wd0.0001,42,cuda,256,32,250,250,0.0005,AdamW,0.25,0.3,0.0001,False,10.0,0.984946,237,0.983664,0.048995,5975.9092,0.986236,0.986296,0.986232,0.986235,C:\tcc mesonet\experiments\mesonet\treinamento_imagens_4_fase1_1\treinamento_imagens_4_fase1_1_2026-04-03_23-48-45_bs32_ep250_lr0.0005_optAdamW_dc0.25_df0.3_wd0.0001\best_model.pt,C:\tcc mesonet\experiments\mesonet\treinamento_imagens_4_fase1_1\treinamento_imagens_4_fase1_1_2026-04-03_23-48-45_bs32_ep250_lr0.0005_optAdamW_dc0.25_df0.3_wd0.0001\metrics.json,treinamento_imagens_4_fase1_1,treinamento_imagens_4_fase1_1_2026-04-03_23-48-45_bs32_ep250_lr0.0005_optAdamW_dc0.25_df0.3_wd0.0001
mesonet_teste_epocas_base_melhor_2026-04-02_12-08-36_bs32_ep150_lr0.001_optSGD_dc0.25_df0.3_wd0.0001,C:\tcc mesonet\experiments\mesonet\treinamento_3_teste_epocas\mesonet_teste_epocas_base_melhor_2026-04-02_12-08-36_bs32_ep150_lr0.001_optSGD_dc0.25_df0.3_wd0.0001,42,cuda,256,32,150,150,0.001,SGD,0.25,0.3,0.0001,False,10.0,0.986227,135,0.985266,0.038053,3519.6726,0.985915,0.985952,0.985918,0.985915,C:\tcc mesonet\experiments\mesonet\treinamento_3_teste_epocas\mesonet_teste_epocas_base_melhor_2026-04-02_12-08-36_bs32_ep150_lr0.001_optSGD_dc0.25_df0.3_wd0.0001\best_model.pt,C:\tcc mesonet\experiments\mesonet\treinamento_imagens_3_teste_epocas\mesonet_teste_epocas_base_melhor_2026-04-02_12-08-36_bs32_ep150_lr0.001_optSGD_dc0.25_df0.3_wd0.0001\metrics.json,treinamento_imagens_3_teste_epocas,mesonet_teste_epocas_base_melhor_2026-04-02_12-08-36_bs32_ep150_lr0.001_optSGD_dc0.25_df0.3_wd0.0001
mesonet_teste_epocas_base_melhor_2026-04-02_13-07-20_bs32_ep200_lr0.001_optSGD_dc0.25_df0.3_wd0.0001,C:\tcc mesonet\experiments\mesonet\treinamento_3_teste_epocas\mesonet_teste_epocas_base_melhor_2026-04-02_13-07-20_bs32_ep200_lr0.001_optSGD_dc0.25_df0.3_wd0.0001,42,cuda,256,32,200,200,0.001,SGD,0.25,0.3,0.0001,False,10.0,0.987508,189,0.983985,0.039296,4686.5459,0.985915,0.985942,0.985918,0.985915,C:\tcc mesonet\experiments\mesonet\treinamento_3_teste_epocas\mesonet_teste_epocas_base_melhor_2026-04-02_13-07-20_bs32_ep200_lr0.001_optSGD_dc0.25_df0.3_wd0.0001\best_model.pt,C:\tcc mesonet\experiments\mesonet\treinamento_imagens_3_teste_epocas\mesonet_teste_epocas_base_melhor_2026-04-02_13-07-20_bs32_ep200_lr0.001_optSGD_dc0.25_df0.3_wd0.0001\metrics.json,treinamento_imagens_3_teste_epocas,mesonet_teste_epocas_base_melhor_2026-04-02_13-07-20_bs32_ep200_lr0.001_optSGD_dc0.25_df0.3_wd0.0001
treinamento_imagens_4_fase1_2026-04-03_08-19-59_bs32_ep200_lr0.0001_optAdam_dc0.25_df0.3_wd0.0001,C:\tcc mesonet\experiments\mesonet\treinamento_imagens_4_fase1\treinamento_imagens_4_fase1_2026-04-03_08-19-59_bs32_ep200_lr0.0001_optAdam_dc0.25_df0.3_wd0.0001,42,cuda,256,32,200,200,0.0001,Adam,0.25,0.3,0.0001,False,10.0,0.984946,198,0.982703,0.04312,4883.5264,0.985915,0.985917,0.985915,0.985915,C:\tcc mesonet\experiments\mesonet\treinamento_imagens_4_fase1\treinamento_imagens_4_fase1_2026-04-03_08-19-59_bs32_ep200_lr0.0001_optAdam_dc0.25_df0.3_wd0.0001\best_model.pt,C:\tcc mesonet\experiments\mesonet\treinamento_imagens_4_fase1\treinamento_imagens_4_fase1_2026-04-03_08-19-59_bs32_ep200_lr0.0001_optAdam_dc0.25_df0.3_wd0.0001\metrics.json,treinamento_imagens_4_fase1,treinamento_imagens_4_fase1_2026-04-03_08-19-59_bs32_ep200_lr0.0001_optAdam_dc0.25_df0.3_wd0.0001
treinamento_imagens_4_fase1_2026-04-02_22-55-08_bs32_ep200_lr0.001_optSGD_dc0.25_df0.3_wd0.0001,C:\tcc mesonet\experiments\mesonet\treinamento_imagens_4_fase1\treinamento_imagens_4_fase1_2026-04-02_22-55-08_bs32_ep200_lr0.001_optSGD_dc0.25_df0.3_wd0.0001,42,cuda,256,32,200,200,0.001,SGD,0.25,0.3,0.0001,False,10.0,0.987508,189,0.983985,0.039296,4808.4631,0.985915,0.985942,0.985918,0.985915,C:\tcc mesonet\experiments\mesonet\treinamento_imagens_4_fase1\treinamento_imagens_4_fase1_2026-04-02_22-55-08_bs32_ep200_lr0.001_optSGD_dc0.25_df0.3_wd0.0001\best_model.pt,C:\tcc mesonet\experiments\mesonet\treinamento_imagens_4_fase1\treinamento_imagens_4_fase1_2026-04-02_22-55-08_bs32_ep200_lr0.001_optSGD_dc0.25_df0.3_wd0.0001\metrics.json,treinamento_imagens_4_fase1,treinamento_imagens_4_fase1_2026-04-02_22-55-08_bs32_ep200_lr0.001_optSGD_dc0.25_df0.3_wd0.0001
treinamento_imagens_4_fase3_2026-04-08_16-23-29_bs16_ep250_lr0.0001_optRMSprop_dc0.25_df0.3_wd0.0001,C:\tcc mesonet\experiments\mesonet\treinamento_imagens_4_fase3\treinamento_imagens_4_fase3_2026-04-08_16-23-29_bs16_ep250_lr0.0001_optRMSprop_dc0.25_df0.3_wd0.0001,42,cuda,256,16,250,250,0.0001,RMSprop,0.25,0.3,0.0001,False,10.0,0.986867,183,0.981742,0.057248,5924.5367,0.985915,0.985963,0.985919,0.985915,C:\tcc mesonet\experiments\mesonet\treinamento_imagens_4_fase3\treinamento_imagens_4_fase3_2026-04-08_16-23-29_bs16_ep250_lr0.0001_optRMSprop_dc0.25_df0.3_wd0.0001\best_model.pt,C:\tcc mesonet\experiments\mesonet\treinamento_imagens_4_fase3\treinamento_imagens_4_fase3_2026-04-08_16-23-29_bs16_ep250_lr0.0001_optRMSprop_dc0.25_df0.3_wd0.0001\metrics.json,treinamento_imagens_4_fase3,treinamento_imagens_4_fase3_2026-04-08_16-23-29_bs16_ep250_lr0.0001_optRMSprop_dc0.25_df0.3_wd0.0001
treinamento_imagens_4_fase1_1_2026-04-04_03-09-02_bs32_ep250_lr0.0001_optAdam_dc0.25_df0.3_wd0.0001,C:\tcc mesonet\experiments\mesonet\treinamento_imagens_4_fase1_1\treinamento_imagens_4_fase1_1_2026-04-04_03-09-02_bs32_ep250_lr0.0001_optAdam_dc0.25_df0.3_wd0.0001,42,cuda,256,32,250,250,0.0001,Adam,0.25,0.3,0.0001,False,10.0,0.984946,198,0.983664,0.044723,6041.3058,0.985915,0.985917,0.985915,0.985915,C:\tcc mesonet\experiments\mesonet\treinamento_imagens_4_fase1_1\treinamento_imagens_4_fase1_1_2026-04-04_03-09-02_bs32_ep250_lr0.0001_optAdam_dc0.25_df0.3_wd0.0001\best_model.pt,C:\tcc mesonet\experiments\mesonet\treinamento_imagens_4_fase1_1\treinamento_imagens_4_fase1_1_2026-04-04_03-09-02_bs32_ep250_lr0.0001_optAdam_dc0.25_df0.3_wd0.0001\metrics.json,treinamento_imagens_4_fase1_1,treinamento_imagens_4_fase1_1_2026-04-04_03-09-02_bs32_ep250_lr0.0001_optAdam_dc0.25_df0.3_wd0.0001
treinamento_imagens_4_fase1_2026-04-03_02-55-58_bs32_ep200_lr0.0005_optAdam_dc0.25_df0.3_wd0.0001,C:\tcc mesonet\experiments\mesonet\treinamento_imagens_4_fase1\treinamento_imagens_4_fase1_2026-04-03_02-55-58_bs32_ep200_lr0.0005_optAdam_dc0.25_df0.3_wd0.0001,42,cuda,256,32,200,200,0.0005,Adam,0.25,0.3,0.0001,False,10.0,0.986867,148,0.984305,0.04202,4844.3733,0.985595,0.985599,0.985596,0.985595,C:\tcc mesonet\experiments\mesonet\treinamento_imagens_4_fase1\treinamento_imagens_4_fase1_2026-04-03_02-55-58_bs32_ep200_lr0.0005_optAdam_dc0.25_df0.3_wd0.0001\best_model.pt,C:\tcc mesonet\experiments\mesonet\treinamento_imagens_4_fase1\treinamento_imagens_4_fase1_2026-04-03_02-55-58_bs32_ep200_lr0.0005_optAdam_dc0.25_df0.3_wd0.0001\metrics.json,treinamento_imagens_4_fase1,treinamento_imagens_4_fase1_2026-04-03_02-55-58_bs32_ep200_lr0.0005_optAdam_dc0.25_df0.3_wd0.0001
treinamento_imagens_4_fase1_1_2026-04-03_20-30-36_bs32_ep250_lr0.0005_optAdam_dc0.25_df0.3_wd0.0001,C:\tcc mesonet\experiments\mesonet\treinamento_imagens_4_fase1_1\treinamento_imagens_4_fase1_1_2026-04-03_20-30-36_bs32_ep250_lr0.0005_optAdam_dc0.25_df0.3_wd0.0001,42,cuda,256,32,250,250,0.0005,Adam,0.25,0.3,0.0001,False,10.0,0.986867,148,0.985586,0.042188,5939.4168,0.985595,0.985599,0.985596,0.985595,C:\tcc mesonet\experiments\mesonet\treinamento_imagens_4_fase1_1\treinamento_imagens_4_fase1_1_2026-04-03_20-30-36_bs32_ep250_lr0.0005_optAdam_dc0.25_df0.3_wd0.0001\best_model.pt,C:\tcc mesonet\experiments\mesonet\treinamento_imagens_4_fase1_1\treinamento_imagens_4_fase1_1_2026-04-03_20-30-36_bs32_ep250_lr0.0005_optAdam_dc0.25_df0.3_wd0.0001\metrics.json,treinamento_imagens_4_fase1_1,treinamento_imagens_4_fase1_1_2026-04-03_20-30-36_bs32_ep250_lr0.0005_optAdam_dc0.25_df0.3_wd0.0001
treinamento_imagens_4_fase1_2026-04-03_05-37-34_bs32_ep200_lr0.0005_optAdamW_dc0.25_df0.3_wd0.0001,C:\tcc mesonet\experiments\mesonet\treinamento_imagens_4_fase1\treinamento_imagens_4_fase1_2026-04-03_05-37-34_bs32_ep200_lr0.0005_optAdamW_dc0.25_df0.3_wd0.0001,42,cuda,256,32,200,200,0.0005,AdamW,0.25,0.3,0.0001,False,10.0,0.983344,156,0.979821,0.04706,4858.5361,0.985275,0.985512,0.985268,0.985273,C:\tcc mesonet\experiments\mesonet\treinamento_imagens_4_fase1\treinamento_imagens_4_fase1_2026-04-03_05-37-34_bs32_ep200_lr0.0005_optAdamW_dc0.25_df0.3_wd0.0001\best_model.pt,C:\tcc mesonet\experiments\mesonet\treinamento_imagens_4_fase1\treinamento_imagens_4_fase1_2026-04-03_05-37-34_bs32_ep200_lr0.0005_optAdamW_dc0.25_df0.3_wd0.0001\metrics.json,treinamento_imagens_4_fase1,treinamento_imagens_4_fase1_2026-04-03_05-37-34_bs32_ep200_lr0.0005_optAdamW_dc0.25_df0.3_wd0.0001
mesonet_sweep_interval_10_2026-03-22_14-25-35_bs32_ep100_lr0.001_optSGD_dc0.25_df0.3_wd0.0001,C:\tcc mesonet\experiments\mesonet\mesonet_sweep_interval_10_2026-03-22_14-25-35_bs32_ep100_lr0.001_optSGD_dc0.25_df0.3_wd0.0001,42,cuda,256,32,100,90,0.001,SGD,0.25,0.3,0.0001,,,0.984946,80,0.97918,0.053708,4727.0851,0.984955,0.98497,0.984957,0.984955,C:\tcc mesonet\experiments\mesonet\mesonet_sweep_interval_10_2026-03-22_14-25-35_bs32_ep100_lr0.001_optSGD_dc0.25_df0.3_wd0.0001\best_model.pt,C:\tcc mesonet\experiments\mesonet\treinamento_imagens_3\mesonet_sweep_interval_10_2026-03-22_14-25-35_bs32_ep100_lr0.001_optSGD_dc0.25_df0.3_wd0.0001\metrics.json,treinamento_imagens_3,mesonet_sweep_interval_10_2026-03-22_14-25-35_bs32_ep100_lr0.001_optSGD_dc0.25_df0.3_wd0.0001
mesonet_sweep_interval_10_2026-03-22_22-31-06_bs32_ep500_lr0.001_optSGD_dc0.25_df0.3_wd0.0001,C:\tcc mesonet\experiments\mesonet\mesonet_sweep_interval_10_2026-03-22_22-31-06_bs32_ep500_lr0.001_optSGD_dc0.25_df0.3_wd0.0001,42,cuda,256,32,500,90,0.001,SGD,0.25,0.3,0.0001,,,0.984946,80,0.97918,0.053708,2167.1377,0.984955,0.98497,0.984957,0.984955,C:\tcc mesonet\experiments\mesonet\mesonet_sweep_interval_10_2026-03-22_22-31-06_bs32_ep500_lr0.001_optSGD_dc0.25_df0.3_wd0.0001\best_model.pt,C:\tcc mesonet\experiments\mesonet\treinamento_imagens_3\mesonet_sweep_interval_10_2026-03-22_22-31-06_bs32_ep500_lr0.001_optSGD_dc0.25_df0.3_wd0.0001\metrics.json,treinamento_imagens_3,mesonet_sweep_interval_10_2026-03-22_22-31-06_bs32_ep500_lr0.001_optSGD_dc0.25_df0.3_wd0.0001
mesonet_teste_epocas_base_melhor_2026-04-02_11-29-31_bs32_ep100_lr0.001_optSGD_dc0.25_df0.3_wd0.0001,C:\tcc mesonet\experiments\mesonet\treinamento_3_teste_epocas\mesonet_teste_epocas_base_melhor_2026-04-02_11-29-31_bs32_ep100_lr0.001_optSGD_dc0.25_df0.3_wd0.0001,42,cuda,256,32,100,100,0.001,SGD,0.25,0.3,0.0001,False,10.0,0.984946,80,0.982063,0.041873,2340.8798,0.984955,0.98497,0.984957,0.984955,C:\tcc mesonet\experiments\mesonet\treinamento_3_teste_epocas\mesonet_teste_epocas_base_melhor_2026-04-02_11-29-31_bs32_ep100_lr0.001_optSGD_dc0.25_df0.3_wd0.0001\best_model.pt,C:\tcc mesonet\experiments\mesonet\treinamento_imagens_3_teste_epocas\mesonet_teste_epocas_base_melhor_2026-04-02_11-29-31_bs32_ep100_lr0.001_optSGD_dc0.25_df0.3_wd0.0001\metrics.json,treinamento_imagens_3_teste_epocas,mesonet_teste_epocas_base_melhor_2026-04-02_11-29-31_bs32_ep100_lr0.001_optSGD_dc0.25_df0.3_wd0.0001
treinamento_imagens_4_fase1_1_2026-04-03_22-09-40_bs32_ep250_lr0.0005_optSGD_dc0.25_df0.3_wd0.0001,C:\tcc mesonet\experiments\mesonet\treinamento_imagens_4_fase1_1\treinamento_imagens_4_fase1_1_2026-04-03_22-09-40_bs32_ep250_lr0.0005_optSGD_dc0.25_df0.3_wd0.0001,42,cuda,256,32,250,250,0.0005,SGD,0.25,0.3,0.0001,False,10.0,0.985906,210,0.983664,0.047473,5941.1367,0.984635,0.984637,0.984636,0.984635,C:\tcc mesonet\experiments\mesonet\treinamento_imagens_4_fase1_1\treinamento_imagens_4_fase1_1_2026-04-03_22-09-40_bs32_ep250_lr0.0005_optSGD_dc0.25_df0.3_wd0.0001\best_model.pt,C:\tcc mesonet\experiments\mesonet\treinamento_imagens_4_fase1_1\treinamento_imagens_4_fase1_1_2026-04-03_22-09-40_bs32_ep250_lr0.0005_optSGD_dc0.25_df0.3_wd0.0001\metrics.json,treinamento_imagens_4_fase1_1,treinamento_imagens_4_fase1_1_2026-04-03_22-09-40_bs32_ep250_lr0.0005_optSGD_dc0.25_df0.3_wd0.0001
treinamento_imagens5_1_2026-05-02_12-59-26_bs32_ep100_lr0.0007_optAdam_dc0.25_df0.3_wd0.0001,C:\tcc mesonet\experiments\mesonet\treinamento_imagens5_1\treinamento_imagens5_1_2026-05-02_12-59-26_bs32_ep100_lr0.0007_optAdam_dc0.25_df0.3_wd0.0001,42,cuda,256,32,100,100,0.0007,Adam,0.25,0.3,0.0001,False,10.0,0.983024,97,0.982383,0.05038,2376.7067,0.984635,0.984774,0.98463,0.984634,C:\tcc mesonet\experiments\mesonet\treinamento_imagens5_1\treinamento_imagens5_1_2026-05-02_12-59-26_bs32_ep100_lr0.0007_optAdam_dc0.25_df0.3_wd0.0001\best_model.pt,C:\tcc mesonet\experiments\mesonet\treinamento_imagens5_1\treinamento_imagens5_1_2026-05-02_12-59-26_bs32_ep100_lr0.0007_optAdam_dc0.25_df0.3_wd0.0001\metrics.json,treinamento_imagens5_1,treinamento_imagens5_1_2026-05-02_12-59-26_bs32_ep100_lr0.0007_optAdam_dc0.25_df0.3_wd0.0001
treinamento_imagens_4_fase1_2026-04-02_21-03-00_bs32_ep200_lr0.001_optAdam_dc0.25_df0.3_wd0.0001,C:\tcc mesonet\experiments\mesonet\treinamento_imagens_4_fase1\treinamento_imagens_4_fase1_2026-04-02_21-03-00_bs32_ep200_lr0.001_optAdam_dc0.25_df0.3_wd0.0001,42,cuda,256,32,200,200,0.001,Adam,0.25,0.3,0.0001,False,10.0,0.983024,191,0.980782,0.048633,6722.3321,0.984315,0.984315,0.984315,0.984315,C:\tcc mesonet\experiments\mesonet\treinamento_imagens_4_fase1\treinamento_imagens_4_fase1_2026-04-02_21-03-00_bs32_ep200_lr0.001_optAdam_dc0.25_df0.3_wd0.0001\best_model.pt,C:\tcc mesonet\experiments\mesonet\treinamento_imagens_4_fase1\treinamento_imagens_4_fase1_2026-04-02_21-03-00_bs32_ep200_lr0.001_optAdam_dc0.25_df0.3_wd0.0001\metrics.json,treinamento_imagens_4_fase1,treinamento_imagens_4_fase1_2026-04-02_21-03-00_bs32_ep200_lr0.001_optAdam_dc0.25_df0.3_wd0.0001
mesonet_sweep_interval_10_2026-03-22_23-07-17_bs32_ep500_lr0.001_optSGD_dc0.25_df0.5_wd0.0,C:\tcc mesonet\experiments\mesonet\mesonet_sweep_interval_10_2026-03-22_23-07-17_bs32_ep500_lr0.001_optSGD_dc0.25_df0.5_wd0.0,42,cuda,256,32,500,113,0.001,SGD,0.25,0.5,0.0,,,0.981742,103,0.980782,0.044824,2675.7719,0.983995,0.983996,0.983994,0.983995,C:\tcc mesonet\experiments\mesonet\mesonet_sweep_interval_10_2026-03-22_23-07-17_bs32_ep500_lr0.001_optSGD_dc0.25_df0.5_wd0.0\best_model.pt,C:\tcc mesonet\experiments\mesonet\treinamento_imagens_3\mesonet_sweep_interval_10_2026-03-22_23-07-17_bs32_ep500_lr0.001_optSGD_dc0.25_df0.5_wd0.0\metrics.json,treinamento_imagens_3,mesonet_sweep_interval_10_2026-03-22_23-07-17_bs32_ep500_lr0.001_optSGD_dc0.25_df0.5_wd0.0
treinamento_imagens5_1_2026-05-02_13-39-07_bs32_ep100_lr0.0007_optSGD_dc0.25_df0.3_wd0.0001,C:\tcc mesonet\experiments\mesonet\treinamento_imagens5_1\treinamento_imagens5_1_2026-05-02_13-39-07_bs32_ep100_lr0.0007_optSGD_dc0.25_df0.3_wd0.0001,42,cuda,256,32,100,100,0.0007,SGD,0.25,0.3,0.0001,False,10.0,0.982063,94,0.97886,0.050096,2388.089,0.983995,0.984006,0.983997,0.983995,C:\tcc mesonet\experiments\mesonet\treinamento_imagens5_1\treinamento_imagens5_1_2026-05-02_13-39-07_bs32_ep100_lr0.0007_optSGD_dc0.25_df0.3_wd0.0001\best_model.pt,C:\tcc mesonet\experiments\mesonet\treinamento_imagens5_1\treinamento_imagens5_1_2026-05-02_13-39-07_bs32_ep100_lr0.0007_optSGD_dc0.25_df0.3_wd0.0001\metrics.json,treinamento_imagens5_1,treinamento_imagens5_1_2026-05-02_13-39-07_bs32_ep100_lr0.0007_optSGD_dc0.25_df0.3_wd0.0001
treinamento_imagens_4_fase1_1_2026-04-04_04-49-48_bs32_ep250_lr0.0001_optSGD_dc0.25_df0.3_wd0.0001,C:\tcc mesonet\experiments\mesonet\treinamento_imagens_4_fase1_1\treinamento_imagens_4_fase1_1_2026-04-04_04-49-48_bs32_ep250_lr0.0001_optSGD_dc0.25_df0.3_wd0.0001,42,cuda,256,32,250,250,0.0001,SGD,0.25,0.3,0.0001,False,10.0,0.982703,243,0.980141,0.044315,6022.8124,0.983675,0.983689,0.983677,0.983675,C:\tcc mesonet\experiments\mesonet\treinamento_imagens_4_fase1_1\treinamento_imagens_4_fase1_1_2026-04-04_04-49-48_bs32_ep250_lr0.0001_optSGD_dc0.25_df0.3_wd0.0001\best_model.pt,C:\tcc mesonet\experiments\mesonet\treinamento_imagens_4_fase1_1\treinamento_imagens_4_fase1_1_2026-04-04_04-49-48_bs32_ep250_lr0.0001_optSGD_dc0.25_df0.3_wd0.0001\metrics.json,treinamento_imagens_4_fase1_1,treinamento_imagens_4_fase1_1_2026-04-04_04-49-48_bs32_ep250_lr0.0001_optSGD_dc0.25_df0.3_wd0.0001
treinamento_imagens_4_fase1_2026-04-03_04-16-47_bs32_ep200_lr0.0005_optSGD_dc0.25_df0.3_wd0.0001,C:\tcc mesonet\experiments\mesonet\treinamento_imagens_4_fase1\treinamento_imagens_4_fase1_2026-04-03_04-16-47_bs32_ep200_lr0.0005_optSGD_dc0.25_df0.3_wd0.0001,42,cuda,256,32,200,200,0.0005,SGD,0.25,0.3,0.0001,False,10.0,0.984946,141,0.983664,0.047445,4843.0747,0.983675,0.983683,0.983676,0.983675,C:\tcc mesonet\experiments\mesonet\treinamento_imagens_4_fase1\treinamento_imagens_4_fase1_2026-04-03_04-16-47_bs32_ep200_lr0.0005_optSGD_dc0.25_df0.3_wd0.0001\best_model.pt,C:\tcc mesonet\experiments\mesonet\treinamento_imagens_4_fase1\treinamento_imagens_4_fase1_2026-04-03_04-16-47_bs32_ep200_lr0.0005_optSGD_dc0.25_df0.3_wd0.0001\metrics.json,treinamento_imagens_4_fase1,treinamento_imagens_4_fase1_2026-04-03_04-16-47_bs32_ep200_lr0.0005_optSGD_dc0.25_df0.3_wd0.0001
mesonet_sweep_interval_10_2026-03-22_15-44-27_bs32_ep100_lr0.001_optSGD_dc0.25_df0.5_wd0.0,C:\tcc mesonet\experiments\mesonet\mesonet_sweep_interval_10_2026-03-22_15-44-27_bs32_ep100_lr0.001_optSGD_dc0.25_df0.5_wd0.0,42,cuda,256,32,100,100,0.001,SGD,0.25,0.5,0.0,,,0.980461,94,0.977578,0.067981,4085.0923,0.983355,0.983355,0.983355,0.983355,C:\tcc mesonet\experiments\mesonet\mesonet_sweep_interval_10_2026-03-22_15-44-27_bs32_ep100_lr0.001_optSGD_dc0.25_df0.5_wd0.0\best_model.pt,C:\tcc mesonet\experiments\mesonet\treinamento_imagens_3\mesonet_sweep_interval_10_2026-03-22_15-44-27_bs32_ep100_lr0.001_optSGD_dc0.25_df0.5_wd0.0\metrics.json,treinamento_imagens_3,mesonet_sweep_interval_10_2026-03-22_15-44-27_bs32_ep100_lr0.001_optSGD_dc0.25_df0.5_wd0.0
treinamento_imagens_4_fase1_2026-04-03_09-41-27_bs32_ep200_lr0.0001_optSGD_dc0.25_df0.3_wd0.0001,C:\tcc mesonet\experiments\mesonet\treinamento_imagens_4_fase1\treinamento_imagens_4_fase1_2026-04-03_09-41-27_bs32_ep200_lr0.0001_optSGD_dc0.25_df0.3_wd0.0001,42,cuda,256,32,200,200,0.0001,SGD,0.25,0.3,0.0001,False,10.0,0.980461,192,0.975016,0.055868,4829.0736,0.983355,0.983356,0.983354,0.983355,C:\tcc mesonet\experiments\mesonet\treinamento_imagens_4_fase1\treinamento_imagens_4_fase1_2026-04-03_09-41-27_bs32_ep200_lr0.0001_optSGD_dc0.25_df0.3_wd0.0001\best_model.pt,C:\tcc mesonet\experiments\mesonet\treinamento_imagens_4_fase1\treinamento_imagens_4_fase1_2026-04-03_09-41-27_bs32_ep200_lr0.0001_optSGD_dc0.25_df0.3_wd0.0001\metrics.json,treinamento_imagens_4_fase1,treinamento_imagens_4_fase1_2026-04-03_09-41-27_bs32_ep200_lr0.0001_optSGD_dc0.25_df0.3_wd0.0001
mesonet_teste_epocas_base_melhor_2026-04-02_11-08-56_bs32_ep50_lr0.001_optSGD_dc0.25_df0.3_wd0.0001,C:\tcc mesonet\experiments\mesonet\treinamento_3_teste_epocas\mesonet_teste_epocas_base_melhor_2026-04-02_11-08-56_bs32_ep50_lr0.001_optSGD_dc0.25_df0.3_wd0.0001,42,cuda,256,32,50,50,0.001,SGD,0.25,0.3,0.0001,False,10.0,0.97886,47,0.967969,0.079138,1227.3374,0.983035,0.983082,0.983031,0.983034,C:\tcc mesonet\experiments\mesonet\treinamento_3_teste_epocas\mesonet_teste_epocas_base_melhor_2026-04-02_11-08-56_bs32_ep50_lr0.001_optSGD_dc0.25_df0.3_wd0.0001\best_model.pt,C:\tcc mesonet\experiments\mesonet\treinamento_imagens_3_teste_epocas\mesonet_teste_epocas_base_melhor_2026-04-02_11-08-56_bs32_ep50_lr0.001_optSGD_dc0.25_df0.3_wd0.0001\metrics.json,treinamento_imagens_3_teste_epocas,mesonet_teste_epocas_base_melhor_2026-04-02_11-08-56_bs32_ep50_lr0.001_optSGD_dc0.25_df0.3_wd0.0001
mesonet_sweep_interval_10_2026-03-22_10-01-22_bs32_ep50_lr0.001_optSGD_dc0.25_df0.3_wd0.0001,C:\tcc mesonet\experiments\mesonet\mesonet_sweep_interval_10_2026-03-22_10-01-22_bs32_ep50_lr0.001_optSGD_dc0.25_df0.3_wd0.0001,42,cuda,256,32,50,50,0.001,SGD,0.25,0.3,0.0001,,,0.97886,47,0.967969,0.079138,1179.5503,0.983035,0.983082,0.983031,0.983034,C:\tcc mesonet\experiments\mesonet\mesonet_sweep_interval_10_2026-03-22_10-01-22_bs32_ep50_lr0.001_optSGD_dc0.25_df0.3_wd0.0001\best_model.pt,C:\tcc mesonet\experiments\mesonet\treinamento_imagens_3\mesonet_sweep_interval_10_2026-03-22_10-01-22_bs32_ep50_lr0.001_optSGD_dc0.25_df0.3_wd0.0001\metrics.json,treinamento_imagens_3,mesonet_sweep_interval_10_2026-03-22_10-01-22_bs32_ep50_lr0.001_optSGD_dc0.25_df0.3_wd0.0001
treinamento_imagens5_1_2026-05-02_11-39-52_bs32_ep100_lr0.0003_optSGD_dc0.25_df0.3_wd0.0001,C:\tcc mesonet\experiments\mesonet\treinamento_imagens5_1\treinamento_imagens5_1_2026-05-02_11-39-52_bs32_ep100_lr0.0003_optSGD_dc0.25_df0.3_wd0.0001,42,cuda,256,32,100,100,0.0003,SGD,0.25,0.3,0.0001,False,10.0,0.980141,93,0.974696,0.058673,2395.9833,0.982714,0.982723,0.982713,0.982714,C:\tcc mesonet\experiments\mesonet\treinamento_imagens5_1\treinamento_imagens5_1_2026-05-02_11-39-52_bs32_ep100_lr0.0003_optSGD_dc0.25_df0.3_wd0.0001\best_model.pt,C:\tcc mesonet\experiments\mesonet\treinamento_imagens5_1\treinamento_imagens5_1_2026-05-02_11-39-52_bs32_ep100_lr0.0003_optSGD_dc0.25_df0.3_wd0.0001\metrics.json,treinamento_imagens5_1,treinamento_imagens5_1_2026-05-02_11-39-52_bs32_ep100_lr0.0003_optSGD_dc0.25_df0.3_wd0.0001
treinamento_imagens5_1_2026-05-02_11-00-05_bs32_ep100_lr0.0003_optAdam_dc0.25_df0.3_wd0.0001,C:\tcc mesonet\experiments\mesonet\treinamento_imagens5_1\treinamento_imagens5_1_2026-05-02_11-00-05_bs32_ep100_lr0.0003_optAdam_dc0.25_df0.3_wd0.0001,42,cuda,256,32,100,100,0.0003,Adam,0.25,0.3,0.0001,False,10.0,0.983344,94,0.980782,0.051377,2380.1841,0.982714,0.982729,0.982713,0.982714,C:\tcc mesonet\experiments\mesonet\treinamento_imagens5_1\treinamento_imagens5_1_2026-05-02_11-00-05_bs32_ep100_lr0.0003_optAdam_dc0.25_df0.3_wd0.0001\best_model.pt,C:\tcc mesonet\experiments\mesonet\treinamento_imagens5_1\treinamento_imagens5_1_2026-05-02_11-00-05_bs32_ep100_lr0.0003_optAdam_dc0.25_df0.3_wd0.0001\metrics.json,treinamento_imagens5_1,treinamento_imagens5_1_2026-05-02_11-00-05_bs32_ep100_lr0.0003_optAdam_dc0.25_df0.3_wd0.0001
mesonet_sweep_interval_10_2026-03-22_05-25-10_bs16_ep500_lr0.0001_optAdam_dc0.25_df0.3_wd0.0001,C:\tcc mesonet\experiments\mesonet\mesonet_sweep_interval_10_2026-03-22_05-25-10_bs16_ep500_lr0.0001_optAdam_dc0.25_df0.3_wd0.0001,42,cuda,256,16,500,58,0.0001,Adam,0.25,0.3,0.0001,,,0.9795,48,0.97886,0.052266,1353.3491,0.982394,0.982396,0.982395,0.982394,C:\tcc mesonet\experiments\mesonet\mesonet_sweep_interval_10_2026-03-22_05-25-10_bs16_ep500_lr0.0001_optAdam_dc0.25_df0.3_wd0.0001\best_model.pt,C:\tcc mesonet\experiments\mesonet\treinamento_imagens_3\mesonet_sweep_interval_10_2026-03-22_05-25-10_bs16_ep500_lr0.0001_optAdam_dc0.25_df0.3_wd0.0001\metrics.json,treinamento_imagens_3,mesonet_sweep_interval_10_2026-03-22_05-25-10_bs16_ep500_lr0.0001_optAdam_dc0.25_df0.3_wd0.0001
mesonet_sweep_interval_10_2026-03-22_07-04-23_bs16_ep500_lr0.0001_optSGD_dc0.25_df0.3_wd0.0001,C:\tcc mesonet\experiments\mesonet\mesonet_sweep_interval_10_2026-03-22_07-04-23_bs16_ep500_lr0.0001_optSGD_dc0.25_df0.3_wd0.0001,42,cuda,256,16,500,145,0.0001,SGD,0.25,0.3,0.0001,,,0.983985,135,0.979821,0.053137,3384.3505,0.982394,0.982409,0.982396,0.982394,C:\tcc mesonet\experiments\mesonet\mesonet_sweep_interval_10_2026-03-22_07-04-23_bs16_ep500_lr0.0001_optSGD_dc0.25_df0.3_wd0.0001\best_model.pt,C:\tcc mesonet\experiments\mesonet\treinamento_imagens_3\mesonet_sweep_interval_10_2026-03-22_07-04-23_bs16_ep500_lr0.0001_optSGD_dc0.25_df0.3_wd0.0001\metrics.json,treinamento_imagens_3,mesonet_sweep_interval_10_2026-03-22_07-04-23_bs16_ep500_lr0.0001_optSGD_dc0.25_df0.3_wd0.0001
mesonet_sweep_interval_10_2026-03-21_16-30-22_bs16_ep50_lr0.0001_optAdam_dc0.25_df0.3_wd0.0001,C:\tcc mesonet\experiments\mesonet\mesonet_sweep_interval_10_2026-03-21_16-30-22_bs16_ep50_lr0.0001_optAdam_dc0.25_df0.3_wd0.0001,42,cuda,256,16,50,50,0.0001,Adam,0.25,0.3,0.0001,,,0.9795,48,0.977578,0.061,1234.0925,0.982394,0.982396,0.982395,0.982394,C:\tcc mesonet\experiments\mesonet\mesonet_sweep_interval_10_2026-03-21_16-30-22_bs16_ep50_lr0.0001_optAdam_dc0.25_df0.3_wd0.0001\best_model.pt,C:\tcc mesonet\experiments\mesonet\treinamento_imagens_3\mesonet_sweep_interval_10_2026-03-21_16-30-22_bs16_ep50_lr0.0001_optAdam_dc0.25_df0.3_wd0.0001\metrics.json,treinamento_imagens_3,mesonet_sweep_interval_10_2026-03-21_16-30-22_bs16_ep50_lr0.0001_optAdam_dc0.25_df0.3_wd0.0001
mesonet_sweep_interval_10_2026-03-21_22-50-57_bs16_ep100_lr0.0001_optAdam_dc0.25_df0.3_wd0.0001,C:\tcc mesonet\experiments\mesonet\mesonet_sweep_interval_10_2026-03-21_22-50-57_bs16_ep100_lr0.0001_optAdam_dc0.25_df0.3_wd0.0001,42,cuda,256,16,100,58,0.0001,Adam,0.25,0.3,0.0001,,,0.9795,48,0.97886,0.052266,1365.8281,0.982394,0.982396,0.982395,0.982394,C:\tcc mesonet\experiments\mesonet\mesonet_sweep_interval_10_2026-03-21_22-50-57_bs16_ep100_lr0.0001_optAdam_dc0.25_df0.3_wd0.0001\best_model.pt,C:\tcc mesonet\experiments\mesonet\treinamento_imagens_3\mesonet_sweep_interval_10_2026-03-21_22-50-57_bs16_ep100_lr0.0001_optAdam_dc0.25_df0.3_wd0.0001\metrics.json,treinamento_imagens_3,mesonet_sweep_interval_10_2026-03-21_22-50-57_bs16_ep100_lr0.0001_optAdam_dc0.25_df0.3_wd0.0001
mesonet_sweep_interval_10_2026-03-22_03-25-17_bs16_ep500_lr0.001_optSGD_dc0.25_df0.3_wd0.0,C:\tcc mesonet\experiments\mesonet\mesonet_sweep_interval_10_2026-03-22_03-25-17_bs16_ep500_lr0.001_optSGD_dc0.25_df0.3_wd0.0,42,cuda,256,16,500,88,0.001,SGD,0.25,0.3,0.0,,,0.985266,78,0.984305,0.040681,2047.6873,0.982394,0.98242,0.982392,0.982394,C:\tcc mesonet\experiments\mesonet\mesonet_sweep_interval_10_2026-03-22_03-25-17_bs16_ep500_lr0.001_optSGD_dc0.25_df0.3_wd0.0\best_model.pt,C:\tcc mesonet\experiments\mesonet\treinamento_imagens_3\mesonet_sweep_interval_10_2026-03-22_03-25-17_bs16_ep500_lr0.001_optSGD_dc0.25_df0.3_wd0.0\metrics.json,treinamento_imagens_3,mesonet_sweep_interval_10_2026-03-22_03-25-17_bs16_ep500_lr0.001_optSGD_dc0.25_df0.3_wd0.0
mesonet_sweep_interval_10_2026-03-21_20-48-52_bs16_ep100_lr0.001_optSGD_dc0.25_df0.3_wd0.0,C:\tcc mesonet\experiments\mesonet\mesonet_sweep_interval_10_2026-03-21_20-48-52_bs16_ep100_lr0.001_optSGD_dc0.25_df0.3_wd0.0,42,cuda,256,16,100,88,0.001,SGD,0.25,0.3,0.0,,,0.985266,78,0.984305,0.040681,2062.2203,0.982394,0.98242,0.982392,0.982394,C:\tcc mesonet\experiments\mesonet\mesonet_sweep_interval_10_2026-03-21_20-48-52_bs16_ep100_lr0.001_optSGD_dc0.25_df0.3_wd0.0\best_model.pt,C:\tcc mesonet\experiments\mesonet\treinamento_imagens_3\mesonet_sweep_interval_10_2026-03-21_20-48-52_bs16_ep100_lr0.001_optSGD_dc0.25_df0.3_wd0.0\metrics.json,treinamento_imagens_3,mesonet_sweep_interval_10_2026-03-21_20-48-52_bs16_ep100_lr0.001_optSGD_dc0.25_df0.3_wd0.0
treinamento_imagens_4_fase1_1_2026-04-03_13-54-50_bs32_ep250_lr0.001_optAdam_dc0.25_df0.3_wd0.0001,C:\tcc mesonet\experiments\mesonet\treinamento_imagens_4_fase1_1\treinamento_imagens_4_fase1_1_2026-04-03_13-54-50_bs32_ep250_lr0.001_optAdam_dc0.25_df0.3_wd0.0001,42,cuda,256,32,250,250,0.001,Adam,0.25,0.3,0.0001,False,10.0,0.985266,243,0.97918,0.051689,5898.2679,0.982394,0.982397,0.982394,0.982394,C:\tcc mesonet\experiments\mesonet\treinamento_imagens_4_fase1_1\treinamento_imagens_4_fase1_1_2026-04-03_13-54-50_bs32_ep250_lr0.001_optAdam_dc0.25_df0.3_wd0.0001\best_model.pt,C:\tcc mesonet\experiments\mesonet\treinamento_imagens_4_fase1_1\treinamento_imagens_4_fase1_1_2026-04-03_13-54-50_bs32_ep250_lr0.001_optAdam_dc0.25_df0.3_wd0.0001\metrics.json,treinamento_imagens_4_fase1_1,treinamento_imagens_4_fase1_1_2026-04-03_13-54-50_bs32_ep250_lr0.001_optAdam_dc0.25_df0.3_wd0.0001
mesonet_sweep_interval_10_2026-03-21_14-44-00_bs16_ep50_lr0.001_optSGD_dc0.25_df0.3_wd0.0,C:\tcc mesonet\experiments\mesonet\mesonet_sweep_interval_10_2026-03-21_14-44-00_bs16_ep50_lr0.001_optSGD_dc0.25_df0.3_wd0.0,42,cuda,256,16,50,50,0.001,SGD,0.25,0.3,0.0,,,0.981422,49,0.979821,0.049881,1325.314,0.981754,0.98176,0.981753,0.981754,C:\tcc mesonet\experiments\mesonet\mesonet_sweep_interval_10_2026-03-21_14-44-00_bs16_ep50_lr0.001_optSGD_dc0.25_df0.3_wd0.0\best_model.pt,C:\tcc mesonet\experiments\mesonet\treinamento_imagens_3\mesonet_sweep_interval_10_2026-03-21_14-44-00_bs16_ep50_lr0.001_optSGD_dc0.25_df0.3_wd0.0\metrics.json,treinamento_imagens_3,mesonet_sweep_interval_10_2026-03-21_14-44-00_bs16_ep50_lr0.001_optSGD_dc0.25_df0.3_wd0.0
treinamento_imagens5_1_2026-05-02_12-19-53_bs32_ep100_lr0.0003_optAdamW_dc0.25_df0.3_wd0.0001,C:\tcc mesonet\experiments\mesonet\treinamento_imagens5_1\treinamento_imagens5_1_2026-05-02_12-19-53_bs32_ep100_lr0.0003_optAdamW_dc0.25_df0.3_wd0.0001,42,cuda,256,32,100,100,0.0003,AdamW,0.25,0.3,0.0001,False,10.0,0.982063,92,0.977899,0.05315,2368.8457,0.981434,0.981434,0.981434,0.981434,C:\tcc mesonet\experiments\mesonet\treinamento_imagens5_1\treinamento_imagens5_1_2026-05-02_12-19-53_bs32_ep100_lr0.0003_optAdamW_dc0.25_df0.3_wd0.0001\best_model.pt,C:\tcc mesonet\experiments\mesonet\treinamento_imagens5_1\treinamento_imagens5_1_2026-05-02_12-19-53_bs32_ep100_lr0.0003_optAdamW_dc0.25_df0.3_wd0.0001\metrics.json,treinamento_imagens5_1,treinamento_imagens5_1_2026-05-02_12-19-53_bs32_ep100_lr0.0003_optAdamW_dc0.25_df0.3_wd0.0001
mesonet_sweep_interval_10_2026-03-22_13-57-08_bs32_ep100_lr0.001_optSGD_dc0.25_df0.3_wd0.0,C:\tcc mesonet\experiments\mesonet\mesonet_sweep_interval_10_2026-03-22_13-57-08_bs32_ep100_lr0.001_optSGD_dc0.25_df0.3_wd0.0,42,cuda,256,32,100,68,0.001,SGD,0.25,0.3,0.0,,,0.980141,58,0.97918,0.055816,1702.252,0.981434,0.981436,0.981435,0.981434,C:\tcc mesonet\experiments\mesonet\mesonet_sweep_interval_10_2026-03-22_13-57-08_bs32_ep100_lr0.001_optSGD_dc0.25_df0.3_wd0.0\best_model.pt,C:\tcc mesonet\experiments\mesonet\treinamento_imagens_3\mesonet_sweep_interval_10_2026-03-22_13-57-08_bs32_ep100_lr0.001_optSGD_dc0.25_df0.3_wd0.0\metrics.json,treinamento_imagens_3,mesonet_sweep_interval_10_2026-03-22_13-57-08_bs32_ep100_lr0.001_optSGD_dc0.25_df0.3_wd0.0
mesonet_sweep_interval_10_2026-03-22_22-04-09_bs32_ep500_lr0.001_optSGD_dc0.25_df0.3_wd0.0,C:\tcc mesonet\experiments\mesonet\mesonet_sweep_interval_10_2026-03-22_22-04-09_bs32_ep500_lr0.001_optSGD_dc0.25_df0.3_wd0.0,42,cuda,256,32,500,68,0.001,SGD,0.25,0.3,0.0,,,0.980141,58,0.97918,0.055816,1612.3133,0.981434,0.981436,0.981435,0.981434,C:\tcc mesonet\experiments\mesonet\mesonet_sweep_interval_10_2026-03-22_22-04-09_bs32_ep500_lr0.001_optSGD_dc0.25_df0.3_wd0.0\best_model.pt,C:\tcc mesonet\experiments\mesonet\treinamento_imagens_3\mesonet_sweep_interval_10_2026-03-22_22-04-09_bs32_ep500_lr0.001_optSGD_dc0.25_df0.3_wd0.0\metrics.json,treinamento_imagens_3,mesonet_sweep_interval_10_2026-03-22_22-04-09_bs32_ep500_lr0.001_optSGD_dc0.25_df0.3_wd0.0
treinamento_imagens_4__fase3_1_2026-04-08_22-15-19_bs32_ep250_lr0.0001_optRMSprop_dc0.25_df0.5_wd0.0001,C:\tcc mesonet\experiments\mesonet\treinamento_imagens_4_fase3_1\treinamento_imagens_4__fase3_1_2026-04-08_22-15-19_bs32_ep250_lr0.0001_optRMSprop_dc0.25_df0.5_wd0.0001,42,cuda,256,32,250,250,0.0001,RMSprop,0.25,0.5,0.0001,False,10.0,0.986867,233,0.982383,0.04617,5792.2171,0.981434,0.981669,0.981427,0.981432,C:\tcc mesonet\experiments\mesonet\treinamento_imagens_4_fase3_1\treinamento_imagens_4__fase3_1_2026-04-08_22-15-19_bs32_ep250_lr0.0001_optRMSprop_dc0.25_df0.5_wd0.0001\best_model.pt,C:\tcc mesonet\experiments\mesonet\treinamento_imagens_4_fase3_1\treinamento_imagens_4__fase3_1_2026-04-08_22-15-19_bs32_ep250_lr0.0001_optRMSprop_dc0.25_df0.5_wd0.0001\metrics.json,treinamento_imagens_4_fase3_1,treinamento_imagens_4__fase3_1_2026-04-08_22-15-19_bs32_ep250_lr0.0001_optRMSprop_dc0.25_df0.5_wd0.0001
treinamento_imagens5_1_2026-05-02_14-18-59_bs32_ep100_lr0.0007_optAdamW_dc0.25_df0.3_wd0.0001,C:\tcc mesonet\experiments\mesonet\treinamento_imagens5_1\treinamento_imagens5_1_2026-05-02_14-18-59_bs32_ep100_lr0.0007_optAdamW_dc0.25_df0.3_wd0.0001,42,cuda,256,32,100,100,0.0007,AdamW,0.25,0.3,0.0001,False,10.0,0.983024,91,0.981422,0.052684,2380.3995,0.981114,0.981223,0.981109,0.981113,C:\tcc mesonet\experiments\mesonet\treinamento_imagens5_1\treinamento_imagens5_1_2026-05-02_14-18-59_bs32_ep100_lr0.0007_optAdamW_dc0.25_df0.3_wd0.0001\best_model.pt,C:\tcc mesonet\experiments\mesonet\treinamento_imagens5_1\treinamento_imagens5_1_2026-05-02_14-18-59_bs32_ep100_lr0.0007_optAdamW_dc0.25_df0.3_wd0.0001\metrics.json,treinamento_imagens5_1,treinamento_imagens5_1_2026-05-02_14-18-59_bs32_ep100_lr0.0007_optAdamW_dc0.25_df0.3_wd0.0001
mesonet_sweep_interval_10_2026-03-23_00-54-23_bs32_ep500_lr0.0001_optAdam_dc0.25_df0.3_wd0.0001,C:\tcc mesonet\experiments\mesonet\mesonet_sweep_interval_10_2026-03-23_00-54-23_bs32_ep500_lr0.0001_optAdam_dc0.25_df0.3_wd0.0001,42,cuda,256,32,500,74,0.0001,Adam,0.25,0.3,0.0001,,,0.980782,64,0.97886,0.05187,1763.7029,0.980474,0.980482,0.980475,0.980474,C:\tcc mesonet\experiments\mesonet\mesonet_sweep_interval_10_2026-03-23_00-54-23_bs32_ep500_lr0.0001_optAdam_dc0.25_df0.3_wd0.0001\best_model.pt,C:\tcc mesonet\experiments\mesonet\treinamento_imagens_3\mesonet_sweep_interval_10_2026-03-23_00-54-23_bs32_ep500_lr0.0001_optAdam_dc0.25_df0.3_wd0.0001\metrics.json,treinamento_imagens_3,mesonet_sweep_interval_10_2026-03-23_00-54-23_bs32_ep500_lr0.0001_optAdam_dc0.25_df0.3_wd0.0001
mesonet_sweep_interval_10_2026-03-22_17-55-43_bs32_ep100_lr0.0001_optAdam_dc0.25_df0.3_wd0.0001,C:\tcc mesonet\experiments\mesonet\mesonet_sweep_interval_10_2026-03-22_17-55-43_bs32_ep100_lr0.0001_optAdam_dc0.25_df0.3_wd0.0001,42,cuda,256,32,100,74,0.0001,Adam,0.25,0.3,0.0001,,,0.980782,64,0.97886,0.05187,1746.2914,0.980474,0.980482,0.980475,0.980474,C:\tcc mesonet\experiments\mesonet\mesonet_sweep_interval_10_2026-03-22_17-55-43_bs32_ep100_lr0.0001_optAdam_dc0.25_df0.3_wd0.0001\best_model.pt,C:\tcc mesonet\experiments\mesonet\treinamento_imagens_3\mesonet_sweep_interval_10_2026-03-22_17-55-43_bs32_ep100_lr0.0001_optAdam_dc0.25_df0.3_wd0.0001\metrics.json,treinamento_imagens_3,mesonet_sweep_interval_10_2026-03-22_17-55-43_bs32_ep100_lr0.0001_optAdam_dc0.25_df0.3_wd0.0001
mesonet_sweep_interval_10_2026-03-22_09-41-38_bs32_ep50_lr0.001_optSGD_dc0.25_df0.3_wd0.0,C:\tcc mesonet\experiments\mesonet\mesonet_sweep_interval_10_2026-03-22_09-41-38_bs32_ep50_lr0.001_optSGD_dc0.25_df0.3_wd0.0,42,cuda,256,32,50,50,0.001,SGD,0.25,0.3,0.0,,,0.975016,46,0.973094,0.063988,1180.4616,0.980474,0.980548,0.98047,0.980473,C:\tcc mesonet\experiments\mesonet\mesonet_sweep_interval_10_2026-03-22_09-41-38_bs32_ep50_lr0.001_optSGD_dc0.25_df0.3_wd0.0\best_model.pt,C:\tcc mesonet\experiments\mesonet\treinamento_imagens_3\mesonet_sweep_interval_10_2026-03-22_09-41-38_bs32_ep50_lr0.001_optSGD_dc0.25_df0.3_wd0.0\metrics.json,treinamento_imagens_3,mesonet_sweep_interval_10_2026-03-22_09-41-38_bs32_ep50_lr0.001_optSGD_dc0.25_df0.3_wd0.0
mesonet_sweep_interval_10_2026-03-22_03-59-30_bs16_ep500_lr0.001_optSGD_dc0.25_df0.3_wd0.0001,C:\tcc mesonet\experiments\mesonet\mesonet_sweep_interval_10_2026-03-22_03-59-30_bs16_ep500_lr0.001_optSGD_dc0.25_df0.3_wd0.0001,42,cuda,256,16,500,54,0.001,SGD,0.25,0.3,0.0001,,,0.978539,44,0.977578,0.050416,1248.064,0.979193,0.979247,0.979197,0.979193,C:\tcc mesonet\experiments\mesonet\mesonet_sweep_interval_10_2026-03-22_03-59-30_bs16_ep500_lr0.001_optSGD_dc0.25_df0.3_wd0.0001\best_model.pt,C:\tcc mesonet\experiments\mesonet\treinamento_imagens_3\mesonet_sweep_interval_10_2026-03-22_03-59-30_bs16_ep500_lr0.001_optSGD_dc0.25_df0.3_wd0.0001\metrics.json,treinamento_imagens_3,mesonet_sweep_interval_10_2026-03-22_03-59-30_bs16_ep500_lr0.001_optSGD_dc0.25_df0.3_wd0.0001
mesonet_sweep_interval_10_2026-03-21_15-06-10_bs16_ep50_lr0.001_optSGD_dc0.25_df0.3_wd0.0001,C:\tcc mesonet\experiments\mesonet\mesonet_sweep_interval_10_2026-03-21_15-06-10_bs16_ep50_lr0.001_optSGD_dc0.25_df0.3_wd0.0001,42,cuda,256,16,50,50,0.001,SGD,0.25,0.3,0.0001,,,0.978539,44,0.976618,0.05329,1341.9385,0.979193,0.979247,0.979197,0.979193,C:\tcc mesonet\experiments\mesonet\mesonet_sweep_interval_10_2026-03-21_15-06-10_bs16_ep50_lr0.001_optSGD_dc0.25_df0.3_wd0.0001\best_model.pt,C:\tcc mesonet\experiments\mesonet\treinamento_imagens_3\mesonet_sweep_interval_10_2026-03-21_15-06-10_bs16_ep50_lr0.001_optSGD_dc0.25_df0.3_wd0.0001\metrics.json,treinamento_imagens_3,mesonet_sweep_interval_10_2026-03-21_15-06-10_bs16_ep50_lr0.001_optSGD_dc0.25_df0.3_wd0.0001
mesonet_sweep_interval_10_2026-03-22_00-31-15_bs16_ep100_lr0.0001_optSGD_dc0.25_df0.3_wd0.0001,C:\tcc mesonet\experiments\mesonet\mesonet_sweep_interval_10_2026-03-22_00-31-15_bs16_ep100_lr0.0001_optSGD_dc0.25_df0.3_wd0.0001,42,cuda,256,16,100,100,0.0001,SGD,0.25,0.3,0.0001,,,0.976938,95,0.972774,0.062916,2323.9157,0.979193,0.979196,0.979193,0.979193,C:\tcc mesonet\experiments\mesonet\mesonet_sweep_interval_10_2026-03-22_00-31-15_bs16_ep100_lr0.0001_optSGD_dc0.25_df0.3_wd0.0001\best_model.pt,C:\tcc mesonet\experiments\mesonet\treinamento_imagens_3\mesonet_sweep_interval_10_2026-03-22_00-31-15_bs16_ep100_lr0.0001_optSGD_dc0.25_df0.3_wd0.0001\metrics.json,treinamento_imagens_3,mesonet_sweep_interval_10_2026-03-22_00-31-15_bs16_ep100_lr0.0001_optSGD_dc0.25_df0.3_wd0.0001
mesonet_sweep_interval_10_2026-03-21_21-23-18_bs16_ep100_lr0.001_optSGD_dc0.25_df0.3_wd0.0001,C:\tcc mesonet\experiments\mesonet\mesonet_sweep_interval_10_2026-03-21_21-23-18_bs16_ep100_lr0.001_optSGD_dc0.25_df0.3_wd0.0001,42,cuda,256,16,100,54,0.001,SGD,0.25,0.3,0.0001,,,0.978539,44,0.977578,0.050416,1352.2666,0.979193,0.979247,0.979197,0.979193,C:\tcc mesonet\experiments\mesonet\mesonet_sweep_interval_10_2026-03-21_21-23-18_bs16_ep100_lr0.001_optSGD_dc0.25_df0.3_wd0.0001\best_model.pt,C:\tcc mesonet\experiments\mesonet\treinamento_imagens_3\mesonet_sweep_interval_10_2026-03-21_21-23-18_bs16_ep100_lr0.001_optSGD_dc0.25_df0.3_wd0.0001\metrics.json,treinamento_imagens_3,mesonet_sweep_interval_10_2026-03-21_21-23-18_bs16_ep100_lr0.001_optSGD_dc0.25_df0.3_wd0.0001
treinamento_imagens_4__fase3_1_2026-04-08_23-51-55_bs32_ep250_lr0.0001_optRMSprop_dc0.25_df0.7_wd0.0001,C:\tcc mesonet\experiments\mesonet\treinamento_imagens_4_fase3_1\treinamento_imagens_4__fase3_1_2026-04-08_23-51-55_bs32_ep250_lr0.0001_optRMSprop_dc0.25_df0.7_wd0.0001,42,cuda,256,32,250,250,0.0001,RMSprop,0.25,0.7,0.0001,False,10.0,0.981422,241,0.977578,0.060413,6006.0311,0.979193,0.97924,0.97919,0.979193,C:\tcc mesonet\experiments\mesonet\treinamento_imagens_4_fase3_1\treinamento_imagens_4__fase3_1_2026-04-08_23-51-55_bs32_ep250_lr0.0001_optRMSprop_dc0.25_df0.7_wd0.0001\best_model.pt,C:\tcc mesonet\experiments\mesonet\treinamento_imagens_4_fase3_1\treinamento_imagens_4__fase3_1_2026-04-08_23-51-55_bs32_ep250_lr0.0001_optRMSprop_dc0.25_df0.7_wd0.0001\metrics.json,treinamento_imagens_4_fase3_1,treinamento_imagens_4__fase3_1_2026-04-08_23-51-55_bs32_ep250_lr0.0001_optRMSprop_dc0.25_df0.7_wd0.0001
mesonet_sweep_interval_10_2026-03-22_05-02-32_bs16_ep500_lr0.0001_optAdam_dc0.25_df0.3_wd0.0,C:\tcc mesonet\experiments\mesonet\mesonet_sweep_interval_10_2026-03-22_05-02-32_bs16_ep500_lr0.0001_optAdam_dc0.25_df0.3_wd0.0,42,cuda,256,16,500,58,0.0001,Adam,0.25,0.3,0.0,,,0.97886,48,0.978219,0.060804,1353.3486,0.979193,0.979441,0.979186,0.97919,C:\tcc mesonet\experiments\mesonet\mesonet_sweep_interval_10_2026-03-22_05-02-32_bs16_ep500_lr0.0001_optAdam_dc0.25_df0.3_wd0.0\best_model.pt,C:\tcc mesonet\experiments\mesonet\treinamento_imagens_3\mesonet_sweep_interval_10_2026-03-22_05-02-32_bs16_ep500_lr0.0001_optAdam_dc0.25_df0.3_wd0.0\metrics.json,treinamento_imagens_3,mesonet_sweep_interval_10_2026-03-22_05-02-32_bs16_ep500_lr0.0001_optAdam_dc0.25_df0.3_wd0.0
mesonet_sweep_interval_10_2026-03-21_16-09-26_bs16_ep50_lr0.0001_optAdam_dc0.25_df0.3_wd0.0,C:\tcc mesonet\experiments\mesonet\mesonet_sweep_interval_10_2026-03-21_16-09-26_bs16_ep50_lr0.0001_optAdam_dc0.25_df0.3_wd0.0,42,cuda,256,16,50,50,0.0001,Adam,0.25,0.3,0.0,,,0.97886,48,0.976618,0.065435,1251.1772,0.979193,0.979441,0.979186,0.97919,C:\tcc mesonet\experiments\mesonet\mesonet_sweep_interval_10_2026-03-21_16-09-26_bs16_ep50_lr0.0001_optAdam_dc0.25_df0.3_wd0.0\best_model.pt,C:\tcc mesonet\experiments\mesonet\treinamento_imagens_3\mesonet_sweep_interval_10_2026-03-21_16-09-26_bs16_ep50_lr0.0001_optAdam_dc0.25_df0.3_wd0.0\metrics.json,treinamento_imagens_3,mesonet_sweep_interval_10_2026-03-21_16-09-26_bs16_ep50_lr0.0001_optAdam_dc0.25_df0.3_wd0.0
mesonet_sweep_interval_10_2026-03-21_22-28-15_bs16_ep100_lr0.0001_optAdam_dc0.25_df0.3_wd0.0,C:\tcc mesonet\experiments\mesonet\mesonet_sweep_interval_10_2026-03-21_22-28-15_bs16_ep100_lr0.0001_optAdam_dc0.25_df0.3_wd0.0,42,cuda,256,16,100,58,0.0001,Adam,0.25,0.3,0.0,,,0.97886,48,0.978219,0.060804,1358.2366,0.979193,0.979441,0.979186,0.97919,C:\tcc mesonet\experiments\mesonet\mesonet_sweep_interval_10_2026-03-21_22-28-15_bs16_ep100_lr0.0001_optAdam_dc0.25_df0.3_wd0.0\best_model.pt,C:\tcc mesonet\experiments\mesonet\treinamento_imagens_3\mesonet_sweep_interval_10_2026-03-21_22-28-15_bs16_ep100_lr0.0001_optAdam_dc0.25_df0.3_wd0.0\metrics.json,treinamento_imagens_3,mesonet_sweep_interval_10_2026-03-21_22-28-15_bs16_ep100_lr0.0001_optAdam_dc0.25_df0.3_wd0.0
mesonet_sweep_interval_10_2026-03-23_00-28-56_bs32_ep500_lr0.0001_optAdam_dc0.25_df0.3_wd0.0,C:\tcc mesonet\experiments\mesonet\mesonet_sweep_interval_10_2026-03-23_00-28-56_bs32_ep500_lr0.0001_optAdam_dc0.25_df0.3_wd0.0,42,cuda,256,32,500,64,0.0001,Adam,0.25,0.3,0.0,,,0.980141,54,0.978219,0.054447,1522.081,0.978873,0.978873,0.978873,0.978873,C:\tcc mesonet\experiments\mesonet\mesonet_sweep_interval_10_2026-03-23_00-28-56_bs32_ep500_lr0.0001_optAdam_dc0.25_df0.3_wd0.0\best_model.pt,C:\tcc mesonet\experiments\mesonet\treinamento_imagens_3\mesonet_sweep_interval_10_2026-03-23_00-28-56_bs32_ep500_lr0.0001_optAdam_dc0.25_df0.3_wd0.0\metrics.json,treinamento_imagens_3,mesonet_sweep_interval_10_2026-03-23_00-28-56_bs32_ep500_lr0.0001_optAdam_dc0.25_df0.3_wd0.0
mesonet_sweep_interval_10_2026-03-23_01-23-51_bs32_ep500_lr0.0001_optAdam_dc0.25_df0.5_wd0.0,C:\tcc mesonet\experiments\mesonet\mesonet_sweep_interval_10_2026-03-23_01-23-51_bs32_ep500_lr0.0001_optAdam_dc0.25_df0.5_wd0.0,42,cuda,256,32,500,71,0.0001,Adam,0.25,0.5,0.0,,,0.977899,61,0.974696,0.059501,1686.4454,0.978873,0.978933,0.978877,0.978873,C:\tcc mesonet\experiments\mesonet\mesonet_sweep_interval_10_2026-03-23_01-23-51_bs32_ep500_lr0.0001_optAdam_dc0.25_df0.5_wd0.0\best_model.pt,C:\tcc mesonet\experiments\mesonet\treinamento_imagens_3\mesonet_sweep_interval_10_2026-03-23_01-23-51_bs32_ep500_lr0.0001_optAdam_dc0.25_df0.5_wd0.0\metrics.json,treinamento_imagens_3,mesonet_sweep_interval_10_2026-03-23_01-23-51_bs32_ep500_lr0.0001_optAdam_dc0.25_df0.5_wd0.0
mesonet_sweep_interval_10_2026-03-22_17-30-27_bs32_ep100_lr0.0001_optAdam_dc0.25_df0.3_wd0.0,C:\tcc mesonet\experiments\mesonet\mesonet_sweep_interval_10_2026-03-22_17-30-27_bs32_ep100_lr0.0001_optAdam_dc0.25_df0.3_wd0.0,42,cuda,256,32,100,64,0.0001,Adam,0.25,0.3,0.0,,,0.980141,54,0.978219,0.054447,1512.0683,0.978873,0.978873,0.978873,0.978873,C:\tcc mesonet\experiments\mesonet\mesonet_sweep_interval_10_2026-03-22_17-30-27_bs32_ep100_lr0.0001_optAdam_dc0.25_df0.3_wd0.0\best_model.pt,C:\tcc mesonet\experiments\mesonet\treinamento_imagens_3\mesonet_sweep_interval_10_2026-03-22_17-30-27_bs32_ep100_lr0.0001_optAdam_dc0.25_df0.3_wd0.0\metrics.json,treinamento_imagens_3,mesonet_sweep_interval_10_2026-03-22_17-30-27_bs32_ep100_lr0.0001_optAdam_dc0.25_df0.3_wd0.0
mesonet_sweep_interval_10_2026-03-22_18-24-54_bs32_ep100_lr0.0001_optAdam_dc0.25_df0.5_wd0.0,C:\tcc mesonet\experiments\mesonet\mesonet_sweep_interval_10_2026-03-22_18-24-54_bs32_ep100_lr0.0001_optAdam_dc0.25_df0.5_wd0.0,42,cuda,256,32,100,71,0.0001,Adam,0.25,0.5,0.0,,,0.977899,61,0.974696,0.059501,1719.5681,0.978873,0.978933,0.978877,0.978873,C:\tcc mesonet\experiments\mesonet\mesonet_sweep_interval_10_2026-03-22_18-24-54_bs32_ep100_lr0.0001_optAdam_dc0.25_df0.5_wd0.0\best_model.pt,C:\tcc mesonet\experiments\mesonet\treinamento_imagens_3\mesonet_sweep_interval_10_2026-03-22_18-24-54_bs32_ep100_lr0.0001_optAdam_dc0.25_df0.5_wd0.0\metrics.json,treinamento_imagens_3,mesonet_sweep_interval_10_2026-03-22_18-24-54_bs32_ep100_lr0.0001_optAdam_dc0.25_df0.5_wd0.0
mesonet_sweep_interval_10_2026-03-22_06-15-01_bs16_ep500_lr0.0001_optAdam_dc0.25_df0.5_wd0.0001,C:\tcc mesonet\experiments\mesonet\mesonet_sweep_interval_10_2026-03-22_06-15-01_bs16_ep500_lr0.0001_optAdam_dc0.25_df0.5_wd0.0001,42,cuda,256,16,500,70,0.0001,Adam,0.25,0.5,0.0001,,,0.975657,60,0.975336,0.064689,1631.3871,0.978553,0.978561,0.978555,0.978553,C:\tcc mesonet\experiments\mesonet\mesonet_sweep_interval_10_2026-03-22_06-15-01_bs16_ep500_lr0.0001_optAdam_dc0.25_df0.5_wd0.0001\best_model.pt,C:\tcc mesonet\experiments\mesonet\treinamento_imagens_3\mesonet_sweep_interval_10_2026-03-22_06-15-01_bs16_ep500_lr0.0001_optAdam_dc0.25_df0.5_wd0.0001\metrics.json,treinamento_imagens_3,mesonet_sweep_interval_10_2026-03-22_06-15-01_bs16_ep500_lr0.0001_optAdam_dc0.25_df0.5_wd0.0001
mesonet_sweep_interval_10_2026-03-21_23-41-20_bs16_ep100_lr0.0001_optAdam_dc0.25_df0.5_wd0.0001,C:\tcc mesonet\experiments\mesonet\mesonet_sweep_interval_10_2026-03-21_23-41-20_bs16_ep100_lr0.0001_optAdam_dc0.25_df0.5_wd0.0001,42,cuda,256,16,100,70,0.0001,Adam,0.25,0.5,0.0001,,,0.975657,60,0.975336,0.064689,1646.737,0.978553,0.978561,0.978555,0.978553,C:\tcc mesonet\experiments\mesonet\mesonet_sweep_interval_10_2026-03-21_23-41-20_bs16_ep100_lr0.0001_optAdam_dc0.25_df0.5_wd0.0001\best_model.pt,C:\tcc mesonet\experiments\mesonet\treinamento_imagens_3\mesonet_sweep_interval_10_2026-03-21_23-41-20_bs16_ep100_lr0.0001_optAdam_dc0.25_df0.5_wd0.0001\metrics.json,treinamento_imagens_3,mesonet_sweep_interval_10_2026-03-21_23-41-20_bs16_ep100_lr0.0001_optAdam_dc0.25_df0.5_wd0.0001
mesonet_sweep_interval_10_2026-03-22_16-52-38_bs32_ep100_lr0.001_optSGD_dc0.25_df0.5_wd0.0001,C:\tcc mesonet\experiments\mesonet\mesonet_sweep_interval_10_2026-03-22_16-52-38_bs32_ep100_lr0.001_optSGD_dc0.25_df0.5_wd0.0001,42,cuda,256,32,100,94,0.001,SGD,0.25,0.5,0.0001,,,0.97886,84,0.97886,0.05278,2265.4118,0.978553,0.978815,0.978561,0.97855,C:\tcc mesonet\experiments\mesonet\mesonet_sweep_interval_10_2026-03-22_16-52-38_bs32_ep100_lr0.001_optSGD_dc0.25_df0.5_wd0.0001\best_model.pt,C:\tcc mesonet\experiments\mesonet\treinamento_imagens_3\mesonet_sweep_interval_10_2026-03-22_16-52-38_bs32_ep100_lr0.001_optSGD_dc0.25_df0.5_wd0.0001\metrics.json,treinamento_imagens_3,mesonet_sweep_interval_10_2026-03-22_16-52-38_bs32_ep100_lr0.001_optSGD_dc0.25_df0.5_wd0.0001
mesonet_sweep_interval_10_2026-03-22_23-51-57_bs32_ep500_lr0.001_optSGD_dc0.25_df0.5_wd0.0001,C:\tcc mesonet\experiments\mesonet\mesonet_sweep_interval_10_2026-03-22_23-51-57_bs32_ep500_lr0.001_optSGD_dc0.25_df0.5_wd0.0001,42,cuda,256,32,500,94,0.001,SGD,0.25,0.5,0.0001,,,0.97886,84,0.97886,0.05278,2214.2471,0.978553,0.978815,0.978561,0.97855,C:\tcc mesonet\experiments\mesonet\mesonet_sweep_interval_10_2026-03-22_23-51-57_bs32_ep500_lr0.001_optSGD_dc0.25_df0.5_wd0.0001\best_model.pt,C:\tcc mesonet\experiments\mesonet\treinamento_imagens_3\mesonet_sweep_interval_10_2026-03-22_23-51-57_bs32_ep500_lr0.001_optSGD_dc0.25_df0.5_wd0.0001\metrics.json,treinamento_imagens_3,mesonet_sweep_interval_10_2026-03-22_23-51-57_bs32_ep500_lr0.001_optSGD_dc0.25_df0.5_wd0.0001
mesonet_sweep_interval_10_2026-03-22_11-00-30_bs32_ep50_lr0.0001_optAdam_dc0.25_df0.3_wd0.0,C:\tcc mesonet\experiments\mesonet\mesonet_sweep_interval_10_2026-03-22_11-00-30_bs32_ep50_lr0.0001_optAdam_dc0.25_df0.3_wd0.0,42,cuda,256,32,50,50,0.0001,Adam,0.25,0.3,0.0,,,0.977578,49,0.971493,0.071928,1176.2761,0.977913,0.977924,0.977911,0.977913,C:\tcc mesonet\experiments\mesonet\mesonet_sweep_interval_10_2026-03-22_11-00-30_bs32_ep50_lr0.0001_optAdam_dc0.25_df0.3_wd0.0\best_model.pt,C:\tcc mesonet\experiments\mesonet\treinamento_imagens_3\mesonet_sweep_interval_10_2026-03-22_11-00-30_bs32_ep50_lr0.0001_optAdam_dc0.25_df0.3_wd0.0\metrics.json,treinamento_imagens_3,mesonet_sweep_interval_10_2026-03-22_11-00-30_bs32_ep50_lr0.0001_optAdam_dc0.25_df0.3_wd0.0
mesonet_sweep_interval_10_2026-03-21_21-45-55_bs16_ep100_lr0.001_optSGD_dc0.25_df0.5_wd0.0,C:\tcc mesonet\experiments\mesonet\mesonet_sweep_interval_10_2026-03-21_21-45-55_bs16_ep100_lr0.001_optSGD_dc0.25_df0.5_wd0.0,42,cuda,256,16,100,61,0.001,SGD,0.25,0.5,0.0,,,0.975977,51,0.974696,0.065505,1430.2328,0.977593,0.977629,0.977596,0.977592,C:\tcc mesonet\experiments\mesonet\mesonet_sweep_interval_10_2026-03-21_21-45-55_bs16_ep100_lr0.001_optSGD_dc0.25_df0.5_wd0.0\best_model.pt,C:\tcc mesonet\experiments\mesonet\treinamento_imagens_3\mesonet_sweep_interval_10_2026-03-21_21-45-55_bs16_ep100_lr0.001_optSGD_dc0.25_df0.5_wd0.0\metrics.json,treinamento_imagens_3,mesonet_sweep_interval_10_2026-03-21_21-45-55_bs16_ep100_lr0.001_optSGD_dc0.25_df0.5_wd0.0
mesonet_sweep_interval_10_2026-03-22_04-20-22_bs16_ep500_lr0.001_optSGD_dc0.25_df0.5_wd0.0,C:\tcc mesonet\experiments\mesonet\mesonet_sweep_interval_10_2026-03-22_04-20-22_bs16_ep500_lr0.001_optSGD_dc0.25_df0.5_wd0.0,42,cuda,256,16,500,61,0.001,SGD,0.25,0.5,0.0,,,0.975977,51,0.974696,0.065505,1426.3508,0.977593,0.977629,0.977596,0.977592,C:\tcc mesonet\experiments\mesonet\mesonet_sweep_interval_10_2026-03-22_04-20-22_bs16_ep500_lr0.001_optSGD_dc0.25_df0.5_wd0.0\best_model.pt,C:\tcc mesonet\experiments\mesonet\treinamento_imagens_3\mesonet_sweep_interval_10_2026-03-22_04-20-22_bs16_ep500_lr0.001_optSGD_dc0.25_df0.5_wd0.0\metrics.json,treinamento_imagens_3,mesonet_sweep_interval_10_2026-03-22_04-20-22_bs16_ep500_lr0.001_optSGD_dc0.25_df0.5_wd0.0
mesonet_sweep_interval_10_2026-03-22_08-00-52_bs16_ep500_lr0.0001_optSGD_dc0.25_df0.5_wd0.0,C:\tcc mesonet\experiments\mesonet\mesonet_sweep_interval_10_2026-03-22_08-00-52_bs16_ep500_lr0.0001_optSGD_dc0.25_df0.5_wd0.0,42,cuda,256,16,500,119,0.0001,SGD,0.25,0.5,0.0,,,0.976297,109,0.974055,0.069451,2771.33,0.976953,0.976964,0.976954,0.976953,C:\tcc mesonet\experiments\mesonet\mesonet_sweep_interval_10_2026-03-22_08-00-52_bs16_ep500_lr0.0001_optSGD_dc0.25_df0.5_wd0.0\best_model.pt,C:\tcc mesonet\experiments\mesonet\treinamento_imagens_3\mesonet_sweep_interval_10_2026-03-22_08-00-52_bs16_ep500_lr0.0001_optSGD_dc0.25_df0.5_wd0.0\metrics.json,treinamento_imagens_3,mesonet_sweep_interval_10_2026-03-22_08-00-52_bs16_ep500_lr0.0001_optSGD_dc0.25_df0.5_wd0.0
mesonet_sweep_interval_10_2026-03-21_15-28-37_bs16_ep50_lr0.001_optSGD_dc0.25_df0.5_wd0.0,C:\tcc mesonet\experiments\mesonet\mesonet_sweep_interval_10_2026-03-21_15-28-37_bs16_ep50_lr0.001_optSGD_dc0.25_df0.5_wd0.0,42,cuda,256,16,50,50,0.001,SGD,0.25,0.5,0.0,,,0.973735,47,0.96893,0.085069,1251.8804,0.976633,0.976633,0.976632,0.976633,C:\tcc mesonet\experiments\mesonet\mesonet_sweep_interval_10_2026-03-21_15-28-37_bs16_ep50_lr0.001_optSGD_dc0.25_df0.5_wd0.0\best_model.pt,C:\tcc mesonet\experiments\mesonet\treinamento_imagens_3\mesonet_sweep_interval_10_2026-03-21_15-28-37_bs16_ep50_lr0.001_optSGD_dc0.25_df0.5_wd0.0\metrics.json,treinamento_imagens_3,mesonet_sweep_interval_10_2026-03-21_15-28-37_bs16_ep50_lr0.001_optSGD_dc0.25_df0.5_wd0.0
treinamento_imagens_4_fase1_1_2026-04-04_01-28-27_bs32_ep250_lr0.0005_optRMSprop_dc0.25_df0.3_wd0.0001,C:\tcc mesonet\experiments\mesonet\treinamento_imagens_4_fase1_1\treinamento_imagens_4_fase1_1_2026-04-04_01-28-27_bs32_ep250_lr0.0005_optRMSprop_dc0.25_df0.3_wd0.0001,42,cuda,256,32,250,250,0.0005,RMSprop,0.25,0.3,0.0001,False,10.0,0.976297,240,0.963485,0.110627,6030.4652,0.976633,0.976634,0.976633,0.976633,C:\tcc mesonet\experiments\mesonet\treinamento_imagens_4_fase1_1\treinamento_imagens_4_fase1_1_2026-04-04_01-28-27_bs32_ep250_lr0.0005_optRMSprop_dc0.25_df0.3_wd0.0001\best_model.pt,C:\tcc mesonet\experiments\mesonet\treinamento_imagens_4_fase1_1\treinamento_imagens_4_fase1_1_2026-04-04_01-28-27_bs32_ep250_lr0.0005_optRMSprop_dc0.25_df0.3_wd0.0001\metrics.json,treinamento_imagens_4_fase1_1,treinamento_imagens_4_fase1_1_2026-04-04_01-28-27_bs32_ep250_lr0.0005_optRMSprop_dc0.25_df0.3_wd0.0001
mesonet_sweep_interval_10_2026-03-21_16-51-01_bs16_ep50_lr0.0001_optAdam_dc0.25_df0.5_wd0.0,C:\tcc mesonet\experiments\mesonet\mesonet_sweep_interval_10_2026-03-21_16-51-01_bs16_ep50_lr0.0001_optAdam_dc0.25_df0.5_wd0.0,42,cuda,256,16,50,50,0.0001,Adam,0.25,0.5,0.0,,,0.972133,50,0.972133,0.078464,1646.5836,0.975672,0.97578,0.975677,0.975671,C:\tcc mesonet\experiments\mesonet\mesonet_sweep_interval_10_2026-03-21_16-51-01_bs16_ep50_lr0.0001_optAdam_dc0.25_df0.5_wd0.0\best_model.pt,C:\tcc mesonet\experiments\mesonet\treinamento_imagens_3\mesonet_sweep_interval_10_2026-03-21_16-51-01_bs16_ep50_lr0.0001_optAdam_dc0.25_df0.5_wd0.0\metrics.json,treinamento_imagens_3,mesonet_sweep_interval_10_2026-03-21_16-51-01_bs16_ep50_lr0.0001_optAdam_dc0.25_df0.5_wd0.0
mesonet_sweep_interval_10_2026-03-22_11-20-11_bs32_ep50_lr0.0001_optAdam_dc0.25_df0.3_wd0.0001,C:\tcc mesonet\experiments\mesonet\mesonet_sweep_interval_10_2026-03-22_11-20-11_bs32_ep50_lr0.0001_optAdam_dc0.25_df0.3_wd0.0001,42,cuda,256,32,50,50,0.0001,Adam,0.25,0.3,0.0001,,,0.977899,49,0.96829,0.074318,1175.8372,0.975032,0.975073,0.975029,0.975031,C:\tcc mesonet\experiments\mesonet\mesonet_sweep_interval_10_2026-03-22_11-20-11_bs32_ep50_lr0.0001_optAdam_dc0.25_df0.3_wd0.0001\best_model.pt,C:\tcc mesonet\experiments\mesonet\treinamento_imagens_3\mesonet_sweep_interval_10_2026-03-22_11-20-11_bs32_ep50_lr0.0001_optAdam_dc0.25_df0.3_wd0.0001\metrics.json,treinamento_imagens_3,mesonet_sweep_interval_10_2026-03-22_11-20-11_bs32_ep50_lr0.0001_optAdam_dc0.25_df0.3_wd0.0001
mesonet_sweep_interval_10_2026-03-22_04-44-13_bs16_ep500_lr0.001_optSGD_dc0.25_df0.5_wd0.0001,C:\tcc mesonet\experiments\mesonet\mesonet_sweep_interval_10_2026-03-22_04-44-13_bs16_ep500_lr0.001_optSGD_dc0.25_df0.5_wd0.0001,42,cuda,256,16,500,47,0.001,SGD,0.25,0.5,0.0001,,,0.974696,37,0.973414,0.071705,1095.7003,0.974712,0.974765,0.974715,0.974711,C:\tcc mesonet\experiments\mesonet\mesonet_sweep_interval_10_2026-03-22_04-44-13_bs16_ep500_lr0.001_optSGD_dc0.25_df0.5_wd0.0001\best_model.pt,C:\tcc mesonet\experiments\mesonet\treinamento_imagens_3\mesonet_sweep_interval_10_2026-03-22_04-44-13_bs16_ep500_lr0.001_optSGD_dc0.25_df0.5_wd0.0001\metrics.json,treinamento_imagens_3,mesonet_sweep_interval_10_2026-03-22_04-44-13_bs16_ep500_lr0.001_optSGD_dc0.25_df0.5_wd0.0001
mesonet_sweep_interval_10_2026-03-21_22-09-50_bs16_ep100_lr0.001_optSGD_dc0.25_df0.5_wd0.0001,C:\tcc mesonet\experiments\mesonet\mesonet_sweep_interval_10_2026-03-21_22-09-50_bs16_ep100_lr0.001_optSGD_dc0.25_df0.5_wd0.0001,42,cuda,256,16,100,47,0.001,SGD,0.25,0.5,0.0001,,,0.974696,37,0.973414,0.071705,1101.0343,0.974712,0.974765,0.974715,0.974711,C:\tcc mesonet\experiments\mesonet\mesonet_sweep_interval_10_2026-03-21_22-09-50_bs16_ep100_lr0.001_optSGD_dc0.25_df0.5_wd0.0001\best_model.pt,C:\tcc mesonet\experiments\mesonet\treinamento_imagens_3\mesonet_sweep_interval_10_2026-03-21_22-09-50_bs16_ep100_lr0.001_optSGD_dc0.25_df0.5_wd0.0001\metrics.json,treinamento_imagens_3,mesonet_sweep_interval_10_2026-03-21_22-09-50_bs16_ep100_lr0.001_optSGD_dc0.25_df0.5_wd0.0001
mesonet_sweep_interval_10_2026-03-21_15-49-34_bs16_ep50_lr0.001_optSGD_dc0.25_df0.5_wd0.0001,C:\tcc mesonet\experiments\mesonet\mesonet_sweep_interval_10_2026-03-21_15-49-34_bs16_ep50_lr0.001_optSGD_dc0.25_df0.5_wd0.0001,42,cuda,256,16,50,47,0.001,SGD,0.25,0.5,0.0001,,,0.974696,37,0.973414,0.071705,1186.7215,0.974712,0.974765,0.974715,0.974711,C:\tcc mesonet\experiments\mesonet\mesonet_sweep_interval_10_2026-03-21_15-49-34_bs16_ep50_lr0.001_optSGD_dc0.25_df0.5_wd0.0001\best_model.pt,C:\tcc mesonet\experiments\mesonet\treinamento_imagens_3\mesonet_sweep_interval_10_2026-03-21_15-49-34_bs16_ep50_lr0.001_optSGD_dc0.25_df0.5_wd0.0001\metrics.json,treinamento_imagens_3,mesonet_sweep_interval_10_2026-03-21_15-49-34_bs16_ep50_lr0.001_optSGD_dc0.25_df0.5_wd0.0001
mesonet_sweep_interval_10_2026-03-22_10-40-50_bs32_ep50_lr0.001_optSGD_dc0.25_df0.5_wd0.0001,C:\tcc mesonet\experiments\mesonet\mesonet_sweep_interval_10_2026-03-22_10-40-50_bs32_ep50_lr0.001_optSGD_dc0.25_df0.5_wd0.0001,42,cuda,256,32,50,50,0.001,SGD,0.25,0.5,0.0001,,,0.967969,50,0.967969,0.084133,1176.0752,0.974392,0.974418,0.974394,0.974392,C:\tcc mesonet\experiments\mesonet\mesonet_sweep_interval_10_2026-03-22_10-40-50_bs32_ep50_lr0.001_optSGD_dc0.25_df0.5_wd0.0001\best_model.pt,C:\tcc mesonet\experiments\mesonet\treinamento_imagens_3\mesonet_sweep_interval_10_2026-03-22_10-40-50_bs32_ep50_lr0.001_optSGD_dc0.25_df0.5_wd0.0001\metrics.json,treinamento_imagens_3,mesonet_sweep_interval_10_2026-03-22_10-40-50_bs32_ep50_lr0.001_optSGD_dc0.25_df0.5_wd0.0001
mesonet_sweep_interval_10_2026-03-21_23-13-47_bs16_ep100_lr0.0001_optAdam_dc0.25_df0.5_wd0.0,C:\tcc mesonet\experiments\mesonet\mesonet_sweep_interval_10_2026-03-21_23-13-47_bs16_ep100_lr0.0001_optAdam_dc0.25_df0.5_wd0.0,42,cuda,256,16,100,70,0.0001,Adam,0.25,0.5,0.0,,,0.975336,60,0.973735,0.064796,1648.8905,0.973752,0.973859,0.973757,0.97375,C:\tcc mesonet\experiments\mesonet\mesonet_sweep_interval_10_2026-03-21_23-13-47_bs16_ep100_lr0.0001_optAdam_dc0.25_df0.5_wd0.0\best_model.pt,C:\tcc mesonet\experiments\mesonet\treinamento_imagens_3\mesonet_sweep_interval_10_2026-03-21_23-13-47_bs16_ep100_lr0.0001_optAdam_dc0.25_df0.5_wd0.0\metrics.json,treinamento_imagens_3,mesonet_sweep_interval_10_2026-03-21_23-13-47_bs16_ep100_lr0.0001_optAdam_dc0.25_df0.5_wd0.0
mesonet_sweep_interval_10_2026-03-22_05-47-47_bs16_ep500_lr0.0001_optAdam_dc0.25_df0.5_wd0.0,C:\tcc mesonet\experiments\mesonet\mesonet_sweep_interval_10_2026-03-22_05-47-47_bs16_ep500_lr0.0001_optAdam_dc0.25_df0.5_wd0.0,42,cuda,256,16,500,70,0.0001,Adam,0.25,0.5,0.0,,,0.975336,60,0.973735,0.064796,1629.9219,0.973752,0.973859,0.973757,0.97375,C:\tcc mesonet\experiments\mesonet\mesonet_sweep_interval_10_2026-03-22_05-47-47_bs16_ep500_lr0.0001_optAdam_dc0.25_df0.5_wd0.0\best_model.pt,C:\tcc mesonet\experiments\mesonet\treinamento_imagens_3\mesonet_sweep_interval_10_2026-03-22_05-47-47_bs16_ep500_lr0.0001_optAdam_dc0.25_df0.5_wd0.0\metrics.json,treinamento_imagens_3,mesonet_sweep_interval_10_2026-03-22_05-47-47_bs16_ep500_lr0.0001_optAdam_dc0.25_df0.5_wd0.0
mesonet_sweep_interval_10_2026-03-23_01-52-01_bs32_ep500_lr0.0001_optAdam_dc0.25_df0.5_wd0.0001,C:\tcc mesonet\experiments\mesonet\mesonet_sweep_interval_10_2026-03-23_01-52-01_bs32_ep500_lr0.0001_optAdam_dc0.25_df0.5_wd0.0001,42,cuda,256,32,500,64,0.0001,Adam,0.25,0.5,0.0001,,,0.974696,54,0.973735,0.066204,1519.5947,0.973431,0.973431,0.973432,0.973431,C:\tcc mesonet\experiments\mesonet\mesonet_sweep_interval_10_2026-03-23_01-52-01_bs32_ep500_lr0.0001_optAdam_dc0.25_df0.5_wd0.0001\best_model.pt,C:\tcc mesonet\experiments\mesonet\treinamento_imagens_3\mesonet_sweep_interval_10_2026-03-23_01-52-01_bs32_ep500_lr0.0001_optAdam_dc0.25_df0.5_wd0.0001\metrics.json,treinamento_imagens_3,mesonet_sweep_interval_10_2026-03-23_01-52-01_bs32_ep500_lr0.0001_optAdam_dc0.25_df0.5_wd0.0001
mesonet_sweep_interval_10_2026-03-22_01-10-03_bs16_ep100_lr0.0001_optSGD_dc0.25_df0.5_wd0.0,C:\tcc mesonet\experiments\mesonet\mesonet_sweep_interval_10_2026-03-22_01-10-03_bs16_ep100_lr0.0001_optSGD_dc0.25_df0.5_wd0.0,42,cuda,256,16,100,100,0.0001,SGD,0.25,0.5,0.0,,,0.972133,99,0.970852,0.08076,2319.3027,0.973431,0.973437,0.97343,0.973431,C:\tcc mesonet\experiments\mesonet\mesonet_sweep_interval_10_2026-03-22_01-10-03_bs16_ep100_lr0.0001_optSGD_dc0.25_df0.5_wd0.0\best_model.pt,C:\tcc mesonet\experiments\mesonet\treinamento_imagens_3\mesonet_sweep_interval_10_2026-03-22_01-10-03_bs16_ep100_lr0.0001_optSGD_dc0.25_df0.5_wd0.0\metrics.json,treinamento_imagens_3,mesonet_sweep_interval_10_2026-03-22_01-10-03_bs16_ep100_lr0.0001_optSGD_dc0.25_df0.5_wd0.0
mesonet_sweep_interval_10_2026-03-22_18-53-38_bs32_ep100_lr0.0001_optAdam_dc0.25_df0.5_wd0.0001,C:\tcc mesonet\experiments\mesonet\mesonet_sweep_interval_10_2026-03-22_18-53-38_bs32_ep100_lr0.0001_optAdam_dc0.25_df0.5_wd0.0001,42,cuda,256,32,100,64,0.0001,Adam,0.25,0.5,0.0001,,,0.974696,54,0.973735,0.066204,1547.0694,0.973431,0.973431,0.973432,0.973431,C:\tcc mesonet\experiments\mesonet\mesonet_sweep_interval_10_2026-03-22_18-53-38_bs32_ep100_lr0.0001_optAdam_dc0.25_df0.5_wd0.0001\best_model.pt,C:\tcc mesonet\experiments\mesonet\treinamento_imagens_3\mesonet_sweep_interval_10_2026-03-22_18-53-38_bs32_ep100_lr0.0001_optAdam_dc0.25_df0.5_wd0.0001\metrics.json,treinamento_imagens_3,mesonet_sweep_interval_10_2026-03-22_18-53-38_bs32_ep100_lr0.0001_optAdam_dc0.25_df0.5_wd0.0001
mesonet_sweep_interval_10_2026-03-22_10-21-06_bs32_ep50_lr0.001_optSGD_dc0.25_df0.5_wd0.0,C:\tcc mesonet\experiments\mesonet\mesonet_sweep_interval_10_2026-03-22_10-21-06_bs32_ep50_lr0.001_optSGD_dc0.25_df0.5_wd0.0,42,cuda,256,32,50,50,0.001,SGD,0.25,0.5,0.0,,,0.972454,47,0.964766,0.096669,1180.3784,0.973111,0.973115,0.973111,0.973111,C:\tcc mesonet\experiments\mesonet\mesonet_sweep_interval_10_2026-03-22_10-21-06_bs32_ep50_lr0.001_optSGD_dc0.25_df0.5_wd0.0\best_model.pt,C:\tcc mesonet\experiments\mesonet\treinamento_imagens_3\mesonet_sweep_interval_10_2026-03-22_10-21-06_bs32_ep50_lr0.001_optSGD_dc0.25_df0.5_wd0.0\metrics.json,treinamento_imagens_3,mesonet_sweep_interval_10_2026-03-22_10-21-06_bs32_ep50_lr0.001_optSGD_dc0.25_df0.5_wd0.0
mesonet_sweep_interval_10_2026-03-22_01-48-46_bs16_ep100_lr0.0001_optSGD_dc0.25_df0.5_wd0.0001,C:\tcc mesonet\experiments\mesonet\mesonet_sweep_interval_10_2026-03-22_01-48-46_bs16_ep100_lr0.0001_optSGD_dc0.25_df0.5_wd0.0001,42,cuda,256,16,100,92,0.0001,SGD,0.25,0.5,0.0001,,,0.972454,82,0.969891,0.080423,2132.3564,0.973111,0.973129,0.973113,0.973111,C:\tcc mesonet\experiments\mesonet\mesonet_sweep_interval_10_2026-03-22_01-48-46_bs16_ep100_lr0.0001_optSGD_dc0.25_df0.5_wd0.0001\best_model.pt,C:\tcc mesonet\experiments\mesonet\treinamento_imagens_3\mesonet_sweep_interval_10_2026-03-22_01-48-46_bs16_ep100_lr0.0001_optSGD_dc0.25_df0.5_wd0.0001\metrics.json,treinamento_imagens_3,mesonet_sweep_interval_10_2026-03-22_01-48-46_bs16_ep100_lr0.0001_optSGD_dc0.25_df0.5_wd0.0001
mesonet_sweep_interval_10_2026-03-22_08-47-07_bs16_ep500_lr0.0001_optSGD_dc0.25_df0.5_wd0.0001,C:\tcc mesonet\experiments\mesonet\mesonet_sweep_interval_10_2026-03-22_08-47-07_bs16_ep500_lr0.0001_optSGD_dc0.25_df0.5_wd0.0001,42,cuda,256,16,500,92,0.0001,SGD,0.25,0.5,0.0001,,,0.972454,82,0.969891,0.080423,2140.2402,0.973111,0.973129,0.973113,0.973111,C:\tcc mesonet\experiments\mesonet\mesonet_sweep_interval_10_2026-03-22_08-47-07_bs16_ep500_lr0.0001_optSGD_dc0.25_df0.5_wd0.0001\best_model.pt,C:\tcc mesonet\experiments\mesonet\treinamento_imagens_3\mesonet_sweep_interval_10_2026-03-22_08-47-07_bs16_ep500_lr0.0001_optSGD_dc0.25_df0.5_wd0.0001\metrics.json,treinamento_imagens_3,mesonet_sweep_interval_10_2026-03-22_08-47-07_bs16_ep500_lr0.0001_optSGD_dc0.25_df0.5_wd0.0001
mesonet_sweep_interval_10_2026-03-21_17-18-34_bs16_ep50_lr0.0001_optAdam_dc0.25_df0.5_wd0.0001,C:\tcc mesonet\experiments\mesonet\mesonet_sweep_interval_10_2026-03-21_17-18-34_bs16_ep50_lr0.0001_optAdam_dc0.25_df0.5_wd0.0001,42,cuda,256,16,50,50,0.0001,Adam,0.25,0.5,0.0001,,,0.970532,50,0.970532,0.077703,2890.7014,0.972791,0.972795,0.972792,0.972791,C:\tcc mesonet\experiments\mesonet\mesonet_sweep_interval_10_2026-03-21_17-18-34_bs16_ep50_lr0.0001_optAdam_dc0.25_df0.5_wd0.0001\best_model.pt,C:\tcc mesonet\experiments\mesonet\treinamento_imagens_3\mesonet_sweep_interval_10_2026-03-21_17-18-34_bs16_ep50_lr0.0001_optAdam_dc0.25_df0.5_wd0.0001\metrics.json,treinamento_imagens_3,mesonet_sweep_interval_10_2026-03-21_17-18-34_bs16_ep50_lr0.0001_optAdam_dc0.25_df0.5_wd0.0001
mesonet_sweep_interval_10_2026-03-22_02-37-51_bs16_ep500_lr0.001_optAdam_dc0.25_df0.5_wd0.0001,C:\tcc mesonet\experiments\mesonet\mesonet_sweep_interval_10_2026-03-22_02-37-51_bs16_ep500_lr0.001_optAdam_dc0.25_df0.5_wd0.0001,42,cuda,256,16,500,122,0.001,Adam,0.25,0.5,0.0001,,,0.972774,112,0.970532,0.089274,2841.6738,0.972471,0.97289,0.972462,0.972465,C:\tcc mesonet\experiments\mesonet\mesonet_sweep_interval_10_2026-03-22_02-37-51_bs16_ep500_lr0.001_optAdam_dc0.25_df0.5_wd0.0001\best_model.pt,C:\tcc mesonet\experiments\mesonet\treinamento_imagens_3\mesonet_sweep_interval_10_2026-03-22_02-37-51_bs16_ep500_lr0.001_optAdam_dc0.25_df0.5_wd0.0001\metrics.json,treinamento_imagens_3,mesonet_sweep_interval_10_2026-03-22_02-37-51_bs16_ep500_lr0.001_optAdam_dc0.25_df0.5_wd0.0001
treinamento_imagens5_2026-05-01_14-59-34_bs32_ep200_lr0.0003_optRMSprop_dc0.25_df0.6_wd1e-05,C:\tcc mesonet\experiments\mesonet\treinamento_imagens5\treinamento_imagens5_2026-05-01_14-59-34_bs32_ep200_lr0.0003_optRMSprop_dc0.25_df0.6_wd1e-05,42,cuda,256,32,200,200,0.0003,RMSprop,0.25,0.6,1e-05,False,10.0,0.973735,195,0.967008,0.074747,4844.5967,0.972151,0.972484,0.972143,0.972146,C:\tcc mesonet\experiments\mesonet\treinamento_imagens5\treinamento_imagens5_2026-05-01_14-59-34_bs32_ep200_lr0.0003_optRMSprop_dc0.25_df0.6_wd1e-05\best_model.pt,C:\tcc mesonet\experiments\mesonet\treinamento_imagens5\treinamento_imagens5_2026-05-01_14-59-34_bs32_ep200_lr0.0003_optRMSprop_dc0.25_df0.6_wd1e-05\metrics.json,treinamento_imagens5,treinamento_imagens5_2026-05-01_14-59-34_bs32_ep200_lr0.0003_optRMSprop_dc0.25_df0.6_wd1e-05
treinamento_imagens5_2026-05-01_16-20-26_bs32_ep200_lr0.0003_optRMSprop_dc0.25_df0.6_wd5e-05,C:\tcc mesonet\experiments\mesonet\treinamento_imagens5\treinamento_imagens5_2026-05-01_16-20-26_bs32_ep200_lr0.0003_optRMSprop_dc0.25_df0.6_wd5e-05,42,cuda,256,32,200,200,0.0003,RMSprop,0.25,0.6,5e-05,False,10.0,0.970532,192,0.963805,0.105662,6215.0693,0.971511,0.971522,0.971509,0.971511,C:\tcc mesonet\experiments\mesonet\treinamento_imagens5\treinamento_imagens5_2026-05-01_16-20-26_bs32_ep200_lr0.0003_optRMSprop_dc0.25_df0.6_wd5e-05\best_model.pt,C:\tcc mesonet\experiments\mesonet\treinamento_imagens5\treinamento_imagens5_2026-05-01_16-20-26_bs32_ep200_lr0.0003_optRMSprop_dc0.25_df0.6_wd5e-05\metrics.json,treinamento_imagens5,treinamento_imagens5_2026-05-01_16-20-26_bs32_ep200_lr0.0003_optRMSprop_dc0.25_df0.6_wd5e-05
mesonet_sweep_interval_10_2026-03-22_11-59-35_bs32_ep50_lr0.0001_optAdam_dc0.25_df0.5_wd0.0001,C:\tcc mesonet\experiments\mesonet\mesonet_sweep_interval_10_2026-03-22_11-59-35_bs32_ep50_lr0.0001_optAdam_dc0.25_df0.5_wd0.0001,42,cuda,256,32,50,50,0.0001,Adam,0.25,0.5,0.0001,,,0.970532,47,0.967329,0.080456,1176.8049,0.971511,0.971536,0.971509,0.97151,C:\tcc mesonet\experiments\mesonet\mesonet_sweep_interval_10_2026-03-22_11-59-35_bs32_ep50_lr0.0001_optAdam_dc0.25_df0.5_wd0.0001\best_model.pt,C:\tcc mesonet\experiments\mesonet\treinamento_imagens_3\mesonet_sweep_interval_10_2026-03-22_11-59-35_bs32_ep50_lr0.0001_optAdam_dc0.25_df0.5_wd0.0001\metrics.json,treinamento_imagens_3,mesonet_sweep_interval_10_2026-03-22_11-59-35_bs32_ep50_lr0.0001_optAdam_dc0.25_df0.5_wd0.0001
treinamento_imagens_4_fase1_2026-04-03_06-58-37_bs32_ep200_lr0.0005_optRMSprop_dc0.25_df0.3_wd0.0001,C:\tcc mesonet\experiments\mesonet\treinamento_imagens_4_fase1\treinamento_imagens_4_fase1_2026-04-03_06-58-37_bs32_ep200_lr0.0005_optRMSprop_dc0.25_df0.3_wd0.0001,42,cuda,256,32,200,200,0.0005,RMSprop,0.25,0.3,0.0001,False,10.0,0.974696,198,0.965727,0.11059,4877.3038,0.971191,0.971463,0.971199,0.971187,C:\tcc mesonet\experiments\mesonet\treinamento_imagens_4_fase1\treinamento_imagens_4_fase1_2026-04-03_06-58-37_bs32_ep200_lr0.0005_optRMSprop_dc0.25_df0.3_wd0.0001\best_model.pt,C:\tcc mesonet\experiments\mesonet\treinamento_imagens_4_fase1\treinamento_imagens_4_fase1_2026-04-03_06-58-37_bs32_ep200_lr0.0005_optRMSprop_dc0.25_df0.3_wd0.0001\metrics.json,treinamento_imagens_4_fase1,treinamento_imagens_4_fase1_2026-04-03_06-58-37_bs32_ep200_lr0.0005_optRMSprop_dc0.25_df0.3_wd0.0001
mesonet_sweep_interval_10_2026-03-21_19-43-53_bs16_ep100_lr0.001_optAdam_dc0.25_df0.5_wd0.0001,C:\tcc mesonet\experiments\mesonet\mesonet_sweep_interval_10_2026-03-21_19-43-53_bs16_ep100_lr0.001_optAdam_dc0.25_df0.5_wd0.0001,42,cuda,256,16,100,100,0.001,Adam,0.25,0.5,0.0001,,,0.967969,99,0.966688,0.095027,3894.3478,0.97023,0.970629,0.970221,0.970224,C:\tcc mesonet\experiments\mesonet\mesonet_sweep_interval_10_2026-03-21_19-43-53_bs16_ep100_lr0.001_optAdam_dc0.25_df0.5_wd0.0001\best_model.pt,C:\tcc mesonet\experiments\mesonet\treinamento_imagens_3\mesonet_sweep_interval_10_2026-03-21_19-43-53_bs16_ep100_lr0.001_optAdam_dc0.25_df0.5_wd0.0001\metrics.json,treinamento_imagens_3,mesonet_sweep_interval_10_2026-03-21_19-43-53_bs16_ep100_lr0.001_optAdam_dc0.25_df0.5_wd0.0001
mesonet_sweep_interval_10_2026-03-22_11-39-51_bs32_ep50_lr0.0001_optAdam_dc0.25_df0.5_wd0.0,C:\tcc mesonet\experiments\mesonet\mesonet_sweep_interval_10_2026-03-22_11-39-51_bs32_ep50_lr0.0001_optAdam_dc0.25_df0.5_wd0.0,42,cuda,256,32,50,50,0.0001,Adam,0.25,0.5,0.0,,,0.969571,49,0.966688,0.079194,1180.0695,0.96991,0.969951,0.969907,0.96991,C:\tcc mesonet\experiments\mesonet\mesonet_sweep_interval_10_2026-03-22_11-39-51_bs32_ep50_lr0.0001_optAdam_dc0.25_df0.5_wd0.0\best_model.pt,C:\tcc mesonet\experiments\mesonet\treinamento_imagens_3\mesonet_sweep_interval_10_2026-03-22_11-39-51_bs32_ep50_lr0.0001_optAdam_dc0.25_df0.5_wd0.0\metrics.json,treinamento_imagens_3,mesonet_sweep_interval_10_2026-03-22_11-39-51_bs32_ep50_lr0.0001_optAdam_dc0.25_df0.5_wd0.0
mesonet_sweep_interval_10_2026-03-22_19-19-30_bs32_ep100_lr0.0001_optSGD_dc0.25_df0.3_wd0.0,C:\tcc mesonet\experiments\mesonet\mesonet_sweep_interval_10_2026-03-22_19-19-30_bs32_ep100_lr0.0001_optSGD_dc0.25_df0.3_wd0.0,42,cuda,256,32,100,96,0.0001,SGD,0.25,0.3,0.0,,,0.967008,86,0.962844,0.091718,2336.2644,0.96991,0.969914,0.96991,0.96991,C:\tcc mesonet\experiments\mesonet\mesonet_sweep_interval_10_2026-03-22_19-19-30_bs32_ep100_lr0.0001_optSGD_dc0.25_df0.3_wd0.0\best_model.pt,C:\tcc mesonet\experiments\mesonet\treinamento_imagens_3\mesonet_sweep_interval_10_2026-03-22_19-19-30_bs32_ep100_lr0.0001_optSGD_dc0.25_df0.3_wd0.0\metrics.json,treinamento_imagens_3,mesonet_sweep_interval_10_2026-03-22_19-19-30_bs32_ep100_lr0.0001_optSGD_dc0.25_df0.3_wd0.0
mesonet_sweep_interval_10_2026-03-23_02-17-25_bs32_ep500_lr0.0001_optSGD_dc0.25_df0.3_wd0.0,C:\tcc mesonet\experiments\mesonet\mesonet_sweep_interval_10_2026-03-23_02-17-25_bs32_ep500_lr0.0001_optSGD_dc0.25_df0.3_wd0.0,42,cuda,256,32,500,96,0.0001,SGD,0.25,0.3,0.0,,,0.967008,86,0.962844,0.091718,2350.0886,0.96991,0.969914,0.96991,0.96991,C:\tcc mesonet\experiments\mesonet\mesonet_sweep_interval_10_2026-03-23_02-17-25_bs32_ep500_lr0.0001_optSGD_dc0.25_df0.3_wd0.0\best_model.pt,C:\tcc mesonet\experiments\mesonet\treinamento_imagens_3\mesonet_sweep_interval_10_2026-03-23_02-17-25_bs32_ep500_lr0.0001_optSGD_dc0.25_df0.3_wd0.0\metrics.json,treinamento_imagens_3,mesonet_sweep_interval_10_2026-03-23_02-17-25_bs32_ep500_lr0.0001_optSGD_dc0.25_df0.3_wd0.0
mesonet_sweep_interval_10_2026-03-22_06-42-17_bs16_ep500_lr0.0001_optSGD_dc0.25_df0.3_wd0.0,C:\tcc mesonet\experiments\mesonet\mesonet_sweep_interval_10_2026-03-22_06-42-17_bs16_ep500_lr0.0001_optSGD_dc0.25_df0.3_wd0.0,42,cuda,256,16,500,57,0.0001,SGD,0.25,0.3,0.0,,,0.964766,47,0.953555,0.118835,1322.1502,0.96831,0.968335,0.968308,0.968309,C:\tcc mesonet\experiments\mesonet\mesonet_sweep_interval_10_2026-03-22_06-42-17_bs16_ep500_lr0.0001_optSGD_dc0.25_df0.3_wd0.0\best_model.pt,C:\tcc mesonet\experiments\mesonet\treinamento_imagens_3\mesonet_sweep_interval_10_2026-03-22_06-42-17_bs16_ep500_lr0.0001_optSGD_dc0.25_df0.3_wd0.0\metrics.json,treinamento_imagens_3,mesonet_sweep_interval_10_2026-03-22_06-42-17_bs16_ep500_lr0.0001_optSGD_dc0.25_df0.3_wd0.0
mesonet_sweep_interval_10_2026-03-22_00-08-51_bs16_ep100_lr0.0001_optSGD_dc0.25_df0.3_wd0.0,C:\tcc mesonet\experiments\mesonet\mesonet_sweep_interval_10_2026-03-22_00-08-51_bs16_ep100_lr0.0001_optSGD_dc0.25_df0.3_wd0.0,42,cuda,256,16,100,57,0.0001,SGD,0.25,0.3,0.0,,,0.964766,47,0.953555,0.118835,1338.3876,0.96831,0.968335,0.968308,0.968309,C:\tcc mesonet\experiments\mesonet\mesonet_sweep_interval_10_2026-03-22_00-08-51_bs16_ep100_lr0.0001_optSGD_dc0.25_df0.3_wd0.0\best_model.pt,C:\tcc mesonet\experiments\mesonet\treinamento_imagens_3\mesonet_sweep_interval_10_2026-03-22_00-08-51_bs16_ep100_lr0.0001_optSGD_dc0.25_df0.3_wd0.0\metrics.json,treinamento_imagens_3,mesonet_sweep_interval_10_2026-03-22_00-08-51_bs16_ep100_lr0.0001_optSGD_dc0.25_df0.3_wd0.0
mesonet_sweep_interval_10_2026-03-21_18-06-52_bs16_ep50_lr0.0001_optSGD_dc0.25_df0.3_wd0.0,C:\tcc mesonet\experiments\mesonet\mesonet_sweep_interval_10_2026-03-21_18-06-52_bs16_ep50_lr0.0001_optSGD_dc0.25_df0.3_wd0.0,42,cuda,256,16,50,50,0.0001,SGD,0.25,0.3,0.0,,,0.964766,47,0.959641,0.107147,1430.3196,0.96831,0.968335,0.968308,0.968309,C:\tcc mesonet\experiments\mesonet\mesonet_sweep_interval_10_2026-03-21_18-06-52_bs16_ep50_lr0.0001_optSGD_dc0.25_df0.3_wd0.0\best_model.pt,C:\tcc mesonet\experiments\mesonet\treinamento_imagens_3\mesonet_sweep_interval_10_2026-03-21_18-06-52_bs16_ep50_lr0.0001_optSGD_dc0.25_df0.3_wd0.0\metrics.json,treinamento_imagens_3,mesonet_sweep_interval_10_2026-03-21_18-06-52_bs16_ep50_lr0.0001_optSGD_dc0.25_df0.3_wd0.0
mesonet_sweep_interval_10_2026-03-21_18-30-47_bs16_ep50_lr0.0001_optSGD_dc0.25_df0.3_wd0.0001,C:\tcc mesonet\experiments\mesonet\mesonet_sweep_interval_10_2026-03-21_18-30-47_bs16_ep50_lr0.0001_optSGD_dc0.25_df0.3_wd0.0001,42,cuda,256,16,50,50,0.0001,SGD,0.25,0.3,0.0001,,,0.964126,47,0.961883,0.099262,1209.5429,0.965109,0.96513,0.965111,0.965109,C:\tcc mesonet\experiments\mesonet\mesonet_sweep_interval_10_2026-03-21_18-30-47_bs16_ep50_lr0.0001_optSGD_dc0.25_df0.3_wd0.0001\best_model.pt,C:\tcc mesonet\experiments\mesonet\treinamento_imagens_3\mesonet_sweep_interval_10_2026-03-21_18-30-47_bs16_ep50_lr0.0001_optSGD_dc0.25_df0.3_wd0.0001\metrics.json,treinamento_imagens_3,mesonet_sweep_interval_10_2026-03-21_18-30-47_bs16_ep50_lr0.0001_optSGD_dc0.25_df0.3_wd0.0001
mesonet_base_interval_10_2026-03-21_13-22-37_bs32_ep100_lr0.0001_optAdam_dc0.25_df0.5_wd0.0,C:\tcc mesonet\experiments\mesonet\mesonet_base_interval_10_2026-03-21_13-22-37_bs32_ep100_lr0.0001_optAdam_dc0.25_df0.5_wd0.0,42,cuda,256,32,100,48,0.0001,Adam,0.25,0.5,0.0,,,0.967329,40,0.965407,0.088996,1493.9509,0.965109,0.965189,0.965113,0.965108,C:\tcc mesonet\experiments\mesonet\mesonet_base_interval_10_2026-03-21_13-22-37_bs32_ep100_lr0.0001_optAdam_dc0.25_df0.5_wd0.0\best_model.pt,C:\tcc mesonet\experiments\mesonet\treinamento_imagens_2\mesonet_base_interval_10_2026-03-21_13-22-37_bs32_ep100_lr0.0001_optAdam_dc0.25_df0.5_wd0.0\metrics.json,treinamento_imagens_2,mesonet_base_interval_10_2026-03-21_13-22-37_bs32_ep100_lr0.0001_optAdam_dc0.25_df0.5_wd0.0
mesonet_sweep_interval_10_2026-03-23_04-04-28_bs32_ep500_lr0.0001_optSGD_dc0.25_df0.5_wd0.0001,C:\tcc mesonet\experiments\mesonet\mesonet_sweep_interval_10_2026-03-23_04-04-28_bs32_ep500_lr0.0001_optSGD_dc0.25_df0.5_wd0.0001,42,cuda,256,32,500,101,0.0001,SGD,0.25,0.5,0.0001,,,0.960922,91,0.957079,0.109191,2390.3465,0.963828,0.963853,0.963826,0.963828,C:\tcc mesonet\experiments\mesonet\mesonet_sweep_interval_10_2026-03-23_04-04-28_bs32_ep500_lr0.0001_optSGD_dc0.25_df0.5_wd0.0001\best_model.pt,C:\tcc mesonet\experiments\mesonet\treinamento_imagens_3\mesonet_sweep_interval_10_2026-03-23_04-04-28_bs32_ep500_lr0.0001_optSGD_dc0.25_df0.5_wd0.0001\metrics.json,treinamento_imagens_3,mesonet_sweep_interval_10_2026-03-23_04-04-28_bs32_ep500_lr0.0001_optSGD_dc0.25_df0.5_wd0.0001
mesonet_sweep_interval_10_2026-03-22_21-05-25_bs32_ep100_lr0.0001_optSGD_dc0.25_df0.5_wd0.0001,C:\tcc mesonet\experiments\mesonet\mesonet_sweep_interval_10_2026-03-22_21-05-25_bs32_ep100_lr0.0001_optSGD_dc0.25_df0.5_wd0.0001,42,cuda,256,32,100,100,0.0001,SGD,0.25,0.5,0.0001,,,0.960922,91,0.959962,0.110446,2386.7978,0.963828,0.963853,0.963826,0.963828,C:\tcc mesonet\experiments\mesonet\mesonet_sweep_interval_10_2026-03-22_21-05-25_bs32_ep100_lr0.0001_optSGD_dc0.25_df0.5_wd0.0001\best_model.pt,C:\tcc mesonet\experiments\mesonet\treinamento_imagens_3\mesonet_sweep_interval_10_2026-03-22_21-05-25_bs32_ep100_lr0.0001_optSGD_dc0.25_df0.5_wd0.0001\metrics.json,treinamento_imagens_3,mesonet_sweep_interval_10_2026-03-22_21-05-25_bs32_ep100_lr0.0001_optSGD_dc0.25_df0.5_wd0.0001
mesonet_sweep_interval_10_2026-03-22_20-29-11_bs32_ep100_lr0.0001_optSGD_dc0.25_df0.5_wd0.0,C:\tcc mesonet\experiments\mesonet\mesonet_sweep_interval_10_2026-03-22_20-29-11_bs32_ep100_lr0.0001_optSGD_dc0.25_df0.5_wd0.0,42,cuda,256,32,100,91,0.0001,SGD,0.25,0.5,0.0,,,0.960282,81,0.951313,0.125207,2169.5384,0.963508,0.963538,0.963506,0.963508,C:\tcc mesonet\experiments\mesonet\mesonet_sweep_interval_10_2026-03-22_20-29-11_bs32_ep100_lr0.0001_optSGD_dc0.25_df0.5_wd0.0\best_model.pt,C:\tcc mesonet\experiments\mesonet\treinamento_imagens_3\mesonet_sweep_interval_10_2026-03-22_20-29-11_bs32_ep100_lr0.0001_optSGD_dc0.25_df0.5_wd0.0\metrics.json,treinamento_imagens_3,mesonet_sweep_interval_10_2026-03-22_20-29-11_bs32_ep100_lr0.0001_optSGD_dc0.25_df0.5_wd0.0
mesonet_sweep_interval_10_2026-03-23_03-27-54_bs32_ep500_lr0.0001_optSGD_dc0.25_df0.5_wd0.0,C:\tcc mesonet\experiments\mesonet\mesonet_sweep_interval_10_2026-03-23_03-27-54_bs32_ep500_lr0.0001_optSGD_dc0.25_df0.5_wd0.0,42,cuda,256,32,500,91,0.0001,SGD,0.25,0.5,0.0,,,0.960282,81,0.951313,0.125207,2189.6151,0.963508,0.963538,0.963506,0.963508,C:\tcc mesonet\experiments\mesonet\mesonet_sweep_interval_10_2026-03-23_03-27-54_bs32_ep500_lr0.0001_optSGD_dc0.25_df0.5_wd0.0\best_model.pt,C:\tcc mesonet\experiments\mesonet\treinamento_imagens_3\mesonet_sweep_interval_10_2026-03-23_03-27-54_bs32_ep500_lr0.0001_optSGD_dc0.25_df0.5_wd0.0\metrics.json,treinamento_imagens_3,mesonet_sweep_interval_10_2026-03-23_03-27-54_bs32_ep500_lr0.0001_optSGD_dc0.25_df0.5_wd0.0
mesonet_sweep_interval_10_2026-03-21_19-10-51_bs16_ep50_lr0.0001_optSGD_dc0.25_df0.5_wd0.0001,C:\tcc mesonet\experiments\mesonet\mesonet_sweep_interval_10_2026-03-21_19-10-51_bs16_ep50_lr0.0001_optSGD_dc0.25_df0.5_wd0.0001,42,cuda,256,16,50,50,0.0001,SGD,0.25,0.5,0.0001,,,0.957079,50,0.957079,0.12052,1172.7681,0.962868,0.962885,0.96287,0.962868,C:\tcc mesonet\experiments\mesonet\mesonet_sweep_interval_10_2026-03-21_19-10-51_bs16_ep50_lr0.0001_optSGD_dc0.25_df0.5_wd0.0001\best_model.pt,C:\tcc mesonet\experiments\mesonet\treinamento_imagens_3\mesonet_sweep_interval_10_2026-03-21_19-10-51_bs16_ep50_lr0.0001_optSGD_dc0.25_df0.5_wd0.0001\metrics.json,treinamento_imagens_3,mesonet_sweep_interval_10_2026-03-21_19-10-51_bs16_ep50_lr0.0001_optSGD_dc0.25_df0.5_wd0.0001
treinamento_imagens_4_fase2_2026-04-05_00-47-48_bs32_ep250_lr0.001_optRMSprop_dc0.1_df0.5_wd0.0001,C:\tcc mesonet\experiments\mesonet\treinamento_imagens_4_fase2\treinamento_imagens_4_fase2_2026-04-05_00-47-48_bs32_ep250_lr0.001_optRMSprop_dc0.1_df0.5_wd0.0001,42,cuda,256,32,250,250,0.001,RMSprop,0.1,0.5,0.0001,False,10.0,0.971813,213,0.961243,0.099119,5906.2446,0.961268,0.961289,0.96127,0.961267,C:\tcc mesonet\experiments\mesonet\treinamento_imagens_4_fase2\treinamento_imagens_4_fase2_2026-04-05_00-47-48_bs32_ep250_lr0.001_optRMSprop_dc0.1_df0.5_wd0.0001\best_model.pt,C:\tcc mesonet\experiments\mesonet\treinamento_imagens_4_fase2\treinamento_imagens_4_fase2_2026-04-05_00-47-48_bs32_ep250_lr0.001_optRMSprop_dc0.1_df0.5_wd0.0001\metrics.json,treinamento_imagens_4_fase2,treinamento_imagens_4_fase2_2026-04-05_00-47-48_bs32_ep250_lr0.001_optRMSprop_dc0.1_df0.5_wd0.0001
mesonet_sweep_interval_10_2026-03-21_18-51-01_bs16_ep50_lr0.0001_optSGD_dc0.25_df0.5_wd0.0,C:\tcc mesonet\experiments\mesonet\mesonet_sweep_interval_10_2026-03-21_18-51-01_bs16_ep50_lr0.0001_optSGD_dc0.25_df0.5_wd0.0,42,cuda,256,16,50,50,0.0001,SGD,0.25,0.5,0.0,,,0.959001,49,0.959001,0.12252,1184.8305,0.960627,0.960662,0.960625,0.960626,C:\tcc mesonet\experiments\mesonet\mesonet_sweep_interval_10_2026-03-21_18-51-01_bs16_ep50_lr0.0001_optSGD_dc0.25_df0.5_wd0.0\best_model.pt,C:\tcc mesonet\experiments\mesonet\treinamento_imagens_3\mesonet_sweep_interval_10_2026-03-21_18-51-01_bs16_ep50_lr0.0001_optSGD_dc0.25_df0.5_wd0.0\metrics.json,treinamento_imagens_3,mesonet_sweep_interval_10_2026-03-21_18-51-01_bs16_ep50_lr0.0001_optSGD_dc0.25_df0.5_wd0.0
mesonet_base_2026-03-18_19-52-40_bs32_ep100_lr0.0001_optAdam_dc0.25_df0.5_wd0.0,C:\tcc mesonet\experiments\mesonet\mesonet_base_2026-03-18_19-52-40_bs32_ep100_lr0.0001_optAdam_dc0.25_df0.5_wd0.0,42,cuda,256,32,100,60,0.0001,Adam,0.25,0.5,0.0,,,0.961722,52,0.947368,0.135879,989.7854,0.957477,0.957509,0.957479,0.957477,C:\tcc mesonet\experiments\mesonet\mesonet_base_2026-03-18_19-52-40_bs32_ep100_lr0.0001_optAdam_dc0.25_df0.5_wd0.0\best_model.pt,C:\tcc mesonet\experiments\mesonet\treinamento_imagens_1\mesonet_base_2026-03-18_19-52-40_bs32_ep100_lr0.0001_optAdam_dc0.25_df0.5_wd0.0\metrics.json,treinamento_imagens_1,mesonet_base_2026-03-18_19-52-40_bs32_ep100_lr0.0001_optAdam_dc0.25_df0.5_wd0.0
mesonet_sweep_interval_10_2026-03-22_12-38-59_bs32_ep50_lr0.0001_optSGD_dc0.25_df0.3_wd0.0001,C:\tcc mesonet\experiments\mesonet\mesonet_sweep_interval_10_2026-03-22_12-38-59_bs32_ep50_lr0.0001_optSGD_dc0.25_df0.3_wd0.0001,42,cuda,256,32,50,50,0.0001,SGD,0.25,0.3,0.0001,,,0.951634,50,0.951634,0.133435,1177.2851,0.955186,0.955407,0.955179,0.95518,C:\tcc mesonet\experiments\mesonet\mesonet_sweep_interval_10_2026-03-22_12-38-59_bs32_ep50_lr0.0001_optSGD_dc0.25_df0.3_wd0.0001\best_model.pt,C:\tcc mesonet\experiments\mesonet\treinamento_imagens_3\mesonet_sweep_interval_10_2026-03-22_12-38-59_bs32_ep50_lr0.0001_optSGD_dc0.25_df0.3_wd0.0001\metrics.json,treinamento_imagens_3,mesonet_sweep_interval_10_2026-03-22_12-38-59_bs32_ep50_lr0.0001_optSGD_dc0.25_df0.3_wd0.0001
mesonet_sweep_interval_10_2026-03-22_19-58-30_bs32_ep100_lr0.0001_optSGD_dc0.25_df0.3_wd0.0001,C:\tcc mesonet\experiments\mesonet\mesonet_sweep_interval_10_2026-03-22_19-58-30_bs32_ep100_lr0.0001_optSGD_dc0.25_df0.3_wd0.0001,42,cuda,256,32,100,77,0.0001,SGD,0.25,0.3,0.0001,,,0.959641,67,0.95804,0.109318,1836.7216,0.955186,0.95652,0.955168,0.955152,C:\tcc mesonet\experiments\mesonet\mesonet_sweep_interval_10_2026-03-22_19-58-30_bs32_ep100_lr0.0001_optSGD_dc0.25_df0.3_wd0.0001\best_model.pt,C:\tcc mesonet\experiments\mesonet\treinamento_imagens_3\mesonet_sweep_interval_10_2026-03-22_19-58-30_bs32_ep100_lr0.0001_optSGD_dc0.25_df0.3_wd0.0001\metrics.json,treinamento_imagens_3,mesonet_sweep_interval_10_2026-03-22_19-58-30_bs32_ep100_lr0.0001_optSGD_dc0.25_df0.3_wd0.0001
mesonet_sweep_interval_10_2026-03-23_02-56-40_bs32_ep500_lr0.0001_optSGD_dc0.25_df0.3_wd0.0001,C:\tcc mesonet\experiments\mesonet\mesonet_sweep_interval_10_2026-03-23_02-56-40_bs32_ep500_lr0.0001_optSGD_dc0.25_df0.3_wd0.0001,42,cuda,256,32,500,77,0.0001,SGD,0.25,0.3,0.0001,,,0.959641,67,0.95804,0.109318,1868.672,0.955186,0.95652,0.955168,0.955152,C:\tcc mesonet\experiments\mesonet\mesonet_sweep_interval_10_2026-03-23_02-56-40_bs32_ep500_lr0.0001_optSGD_dc0.25_df0.3_wd0.0001\best_model.pt,C:\tcc mesonet\experiments\mesonet\treinamento_imagens_3\mesonet_sweep_interval_10_2026-03-23_02-56-40_bs32_ep500_lr0.0001_optSGD_dc0.25_df0.3_wd0.0001\metrics.json,treinamento_imagens_3,mesonet_sweep_interval_10_2026-03-23_02-56-40_bs32_ep500_lr0.0001_optSGD_dc0.25_df0.3_wd0.0001
mesonet_base_2026-03-18_19-34-56_bs32_ep50_lr0.0001_optAdam_dc0.25_df0.5_wd0.0,C:\tcc mesonet\experiments\mesonet\mesonet_base_2026-03-18_19-34-56_bs32_ep50_lr0.0001_optAdam_dc0.25_df0.5_wd0.0,42,cuda,256,32,50,50,0.0001,Adam,0.25,0.5,0.0,,,0.954067,48,0.950239,0.125236,892.0475,0.955088,0.95522,0.955092,0.955085,C:\tcc mesonet\experiments\mesonet\mesonet_base_2026-03-18_19-34-56_bs32_ep50_lr0.0001_optAdam_dc0.25_df0.5_wd0.0\best_model.pt,C:\tcc mesonet\experiments\mesonet\treinamento_imagens_1\mesonet_base_2026-03-18_19-34-56_bs32_ep50_lr0.0001_optAdam_dc0.25_df0.5_wd0.0\metrics.json,treinamento_imagens_1,mesonet_base_2026-03-18_19-34-56_bs32_ep50_lr0.0001_optAdam_dc0.25_df0.5_wd0.0
treinamento_imagens_4_fase2_2026-04-04_18-14-25_bs32_ep250_lr0.001_optRMSprop_dc0.1_df0.3_wd0.0001,C:\tcc mesonet\experiments\mesonet\treinamento_imagens_4_fase2\treinamento_imagens_4_fase2_2026-04-04_18-14-25_bs32_ep250_lr0.001_optRMSprop_dc0.1_df0.3_wd0.0001,42,cuda,256,32,250,250,0.001,RMSprop,0.1,0.3,0.0001,False,10.0,0.960282,245,0.892056,0.262051,5892.2449,0.954866,0.955961,0.954881,0.95484,C:\tcc mesonet\experiments\mesonet\treinamento_imagens_4_fase2\treinamento_imagens_4_fase2_2026-04-04_18-14-25_bs32_ep250_lr0.001_optRMSprop_dc0.1_df0.3_wd0.0001\best_model.pt,C:\tcc mesonet\experiments\mesonet\treinamento_imagens_4_fase2\treinamento_imagens_4_fase2_2026-04-04_18-14-25_bs32_ep250_lr0.001_optRMSprop_dc0.1_df0.3_wd0.0001\metrics.json,treinamento_imagens_4_fase2,treinamento_imagens_4_fase2_2026-04-04_18-14-25_bs32_ep250_lr0.001_optRMSprop_dc0.1_df0.3_wd0.0001
treinamento_imagens5_2026-05-01_18-04-05_bs32_ep200_lr0.0007_optRMSprop_dc0.25_df0.6_wd1e-05,C:\tcc mesonet\experiments\mesonet\treinamento_imagens5\treinamento_imagens5_2026-05-01_18-04-05_bs32_ep200_lr0.0007_optRMSprop_dc0.25_df0.6_wd1e-05,42,cuda,256,32,200,200,0.0007,RMSprop,0.25,0.6,1e-05,False,10.0,0.962524,199,0.955477,0.162523,4792.6226,0.954225,0.954448,0.954233,0.95422,C:\tcc mesonet\experiments\mesonet\treinamento_imagens5\treinamento_imagens5_2026-05-01_18-04-05_bs32_ep200_lr0.0007_optRMSprop_dc0.25_df0.6_wd1e-05\best_model.pt,C:\tcc mesonet\experiments\mesonet\treinamento_imagens5\treinamento_imagens5_2026-05-01_18-04-05_bs32_ep200_lr0.0007_optRMSprop_dc0.25_df0.6_wd1e-05\metrics.json,treinamento_imagens5,treinamento_imagens5_2026-05-01_18-04-05_bs32_ep200_lr0.0007_optRMSprop_dc0.25_df0.6_wd1e-05
treinamento_imagens_4_fase1_1_2026-04-03_18-50-35_bs32_ep250_lr0.001_optRMSprop_dc0.25_df0.3_wd0.0001,C:\tcc mesonet\experiments\mesonet\treinamento_imagens_4_fase1_1\treinamento_imagens_4_fase1_1_2026-04-03_18-50-35_bs32_ep250_lr0.001_optRMSprop_dc0.25_df0.3_wd0.0001,42,cuda,256,32,250,250,0.001,RMSprop,0.25,0.3,0.0001,False,10.0,0.956118,197,0.939142,0.186878,5996.9712,0.954225,0.955896,0.954245,0.954185,C:\tcc mesonet\experiments\mesonet\treinamento_imagens_4_fase1_1\treinamento_imagens_4_fase1_1_2026-04-03_18-50-35_bs32_ep250_lr0.001_optRMSprop_dc0.25_df0.3_wd0.0001\best_model.pt,C:\tcc mesonet\experiments\mesonet\treinamento_imagens_4_fase1_1\treinamento_imagens_4_fase1_1_2026-04-03_18-50-35_bs32_ep250_lr0.001_optRMSprop_dc0.25_df0.3_wd0.0001\metrics.json,treinamento_imagens_4_fase1_1,treinamento_imagens_4_fase1_1_2026-04-03_18-50-35_bs32_ep250_lr0.001_optRMSprop_dc0.25_df0.3_wd0.0001
treinamento_imagens_4_fase1_2026-04-03_01-35-11_bs32_ep200_lr0.001_optRMSprop_dc0.25_df0.3_wd0.0001,C:\tcc mesonet\experiments\mesonet\treinamento_imagens_4_fase1\treinamento_imagens_4_fase1_2026-04-03_01-35-11_bs32_ep200_lr0.001_optRMSprop_dc0.25_df0.3_wd0.0001,42,cuda,256,32,200,200,0.001,RMSprop,0.25,0.3,0.0001,False,10.0,0.956118,197,0.941704,0.172589,4841.5563,0.954225,0.955896,0.954245,0.954185,C:\tcc mesonet\experiments\mesonet\treinamento_imagens_4_fase1\treinamento_imagens_4_fase1_2026-04-03_01-35-11_bs32_ep200_lr0.001_optRMSprop_dc0.25_df0.3_wd0.0001\best_model.pt,C:\tcc mesonet\experiments\mesonet\treinamento_imagens_4_fase1\treinamento_imagens_4_fase1_2026-04-03_01-35-11_bs32_ep200_lr0.001_optRMSprop_dc0.25_df0.3_wd0.0001\metrics.json,treinamento_imagens_4_fase1,treinamento_imagens_4_fase1_2026-04-03_01-35-11_bs32_ep200_lr0.001_optRMSprop_dc0.25_df0.3_wd0.0001
treinamento_imagens_4_fase2_2026-04-05_14-00-19_bs32_ep250_lr0.001_optRMSprop_dc0.25_df0.3_wd0.0001,C:\tcc mesonet\experiments\mesonet\treinamento_imagens_4_fase2\treinamento_imagens_4_fase2_2026-04-05_14-00-19_bs32_ep250_lr0.001_optRMSprop_dc0.25_df0.3_wd0.0001,42,cuda,256,32,250,250,0.001,RMSprop,0.25,0.3,0.0001,False,10.0,0.956118,197,0.939142,0.186878,5919.102,0.954225,0.955896,0.954245,0.954185,C:\tcc mesonet\experiments\mesonet\treinamento_imagens_4_fase2\treinamento_imagens_4_fase2_2026-04-05_14-00-19_bs32_ep250_lr0.001_optRMSprop_dc0.25_df0.3_wd0.0001\best_model.pt,C:\tcc mesonet\experiments\mesonet\treinamento_imagens_4_fase2\treinamento_imagens_4_fase2_2026-04-05_14-00-19_bs32_ep250_lr0.001_optRMSprop_dc0.25_df0.3_wd0.0001\metrics.json,treinamento_imagens_4_fase2,treinamento_imagens_4_fase2_2026-04-05_14-00-19_bs32_ep250_lr0.001_optRMSprop_dc0.25_df0.3_wd0.0001
mesonet_sweep_interval_10_2026-03-22_12-19-16_bs32_ep50_lr0.0001_optSGD_dc0.25_df0.3_wd0.0,C:\tcc mesonet\experiments\mesonet\mesonet_sweep_interval_10_2026-03-22_12-19-16_bs32_ep50_lr0.0001_optSGD_dc0.25_df0.3_wd0.0,42,cuda,256,32,50,50,0.0001,SGD,0.25,0.3,0.0,,,0.950352,49,0.94843,0.137653,1178.3579,0.949424,0.949931,0.949413,0.949409,C:\tcc mesonet\experiments\mesonet\mesonet_sweep_interval_10_2026-03-22_12-19-16_bs32_ep50_lr0.0001_optSGD_dc0.25_df0.3_wd0.0\best_model.pt,C:\tcc mesonet\experiments\mesonet\treinamento_imagens_3\mesonet_sweep_interval_10_2026-03-22_12-19-16_bs32_ep50_lr0.0001_optSGD_dc0.25_df0.3_wd0.0\metrics.json,treinamento_imagens_3,mesonet_sweep_interval_10_2026-03-22_12-19-16_bs32_ep50_lr0.0001_optSGD_dc0.25_df0.3_wd0.0
mesonet_sweep_interval_10_2026-03-21_14-22-52_bs16_ep50_lr0.001_optAdam_dc0.25_df0.5_wd0.0001,C:\tcc mesonet\experiments\mesonet\mesonet_sweep_interval_10_2026-03-21_14-22-52_bs16_ep50_lr0.001_optAdam_dc0.25_df0.5_wd0.0001,42,cuda,256,16,50,50,0.001,Adam,0.25,0.5,0.0001,,,0.951313,49,0.94747,0.15169,1262.9379,0.948464,0.949158,0.948451,0.948443,C:\tcc mesonet\experiments\mesonet\mesonet_sweep_interval_10_2026-03-21_14-22-52_bs16_ep50_lr0.001_optAdam_dc0.25_df0.5_wd0.0001\best_model.pt,C:\tcc mesonet\experiments\mesonet\treinamento_imagens_3\mesonet_sweep_interval_10_2026-03-21_14-22-52_bs16_ep50_lr0.001_optAdam_dc0.25_df0.5_wd0.0001\metrics.json,treinamento_imagens_3,mesonet_sweep_interval_10_2026-03-21_14-22-52_bs16_ep50_lr0.001_optAdam_dc0.25_df0.5_wd0.0001
treinamento_imagens_4_fase2_2026-04-04_19-52-41_bs32_ep250_lr0.001_optRMSprop_dc0.1_df0.3_wd0.0005,C:\tcc mesonet\experiments\mesonet\treinamento_imagens_4_fase2\treinamento_imagens_4_fase2_2026-04-04_19-52-41_bs32_ep250_lr0.001_optRMSprop_dc0.1_df0.3_wd0.0005,42,cuda,256,32,250,250,0.001,RMSprop,0.1,0.3,0.0005,False,10.0,0.953876,202,0.915119,0.189931,5896.7651,0.946543,0.946702,0.946537,0.946538,C:\tcc mesonet\experiments\mesonet\treinamento_imagens_4_fase2\treinamento_imagens_4_fase2_2026-04-04_19-52-41_bs32_ep250_lr0.001_optRMSprop_dc0.1_df0.3_wd0.0005\best_model.pt,C:\tcc mesonet\experiments\mesonet\treinamento_imagens_4_fase2\treinamento_imagens_4_fase2_2026-04-04_19-52-41_bs32_ep250_lr0.001_optRMSprop_dc0.1_df0.3_wd0.0005\metrics.json,treinamento_imagens_4_fase2,treinamento_imagens_4_fase2_2026-04-04_19-52-41_bs32_ep250_lr0.001_optRMSprop_dc0.1_df0.3_wd0.0005
mesonet_sweep_interval_10_2026-03-22_13-18-15_bs32_ep50_lr0.0001_optSGD_dc0.25_df0.5_wd0.0001,C:\tcc mesonet\experiments\mesonet\mesonet_sweep_interval_10_2026-03-22_13-18-15_bs32_ep50_lr0.0001_optSGD_dc0.25_df0.5_wd0.0001,42,cuda,256,32,50,50,0.0001,SGD,0.25,0.5,0.0001,,,0.942024,50,0.942024,0.155545,1206.2022,0.939181,0.939191,0.939182,0.93918,C:\tcc mesonet\experiments\mesonet\mesonet_sweep_interval_10_2026-03-22_13-18-15_bs32_ep50_lr0.0001_optSGD_dc0.25_df0.5_wd0.0001\best_model.pt,C:\tcc mesonet\experiments\mesonet\treinamento_imagens_3\mesonet_sweep_interval_10_2026-03-22_13-18-15_bs32_ep50_lr0.0001_optSGD_dc0.25_df0.5_wd0.0001\metrics.json,treinamento_imagens_3,mesonet_sweep_interval_10_2026-03-22_13-18-15_bs32_ep50_lr0.0001_optSGD_dc0.25_df0.5_wd0.0001
mesonet_sweep_interval_10_2026-03-22_12-58-41_bs32_ep50_lr0.0001_optSGD_dc0.25_df0.5_wd0.0,C:\tcc mesonet\experiments\mesonet\mesonet_sweep_interval_10_2026-03-22_12-58-41_bs32_ep50_lr0.0001_optSGD_dc0.25_df0.5_wd0.0,42,cuda,256,32,50,50,0.0001,SGD,0.25,0.5,0.0,,,0.939462,49,0.939142,0.154683,1170.0871,0.93662,0.937075,0.936609,0.936602,C:\tcc mesonet\experiments\mesonet\mesonet_sweep_interval_10_2026-03-22_12-58-41_bs32_ep50_lr0.0001_optSGD_dc0.25_df0.5_wd0.0\best_model.pt,C:\tcc mesonet\experiments\mesonet\treinamento_imagens_3\mesonet_sweep_interval_10_2026-03-22_12-58-41_bs32_ep50_lr0.0001_optSGD_dc0.25_df0.5_wd0.0\metrics.json,treinamento_imagens_3,mesonet_sweep_interval_10_2026-03-22_12-58-41_bs32_ep50_lr0.0001_optSGD_dc0.25_df0.5_wd0.0
mesonet_base_2026-03-18_19-12-46_bs32_ep30_lr0.0001_optAdam_dc0.25_df0.5_wd0.0,C:\tcc mesonet\experiments\mesonet\mesonet_base_2026-03-18_19-12-46_bs32_ep30_lr0.0001_optAdam_dc0.25_df0.5_wd0.0,42,cuda,256,32,30,30,0.0001,Adam,0.25,0.5,0.0,,,0.938278,28,0.916746,0.178156,509.1781,0.935499,0.935646,0.935495,0.935493,C:\tcc mesonet\experiments\mesonet\mesonet_base_2026-03-18_19-12-46_bs32_ep30_lr0.0001_optAdam_dc0.25_df0.5_wd0.0\best_model.pt,C:\tcc mesonet\experiments\mesonet\treinamento_imagens_1\mesonet_base_2026-03-18_19-12-46_bs32_ep30_lr0.0001_optAdam_dc0.25_df0.5_wd0.0\metrics.json,treinamento_imagens_1,mesonet_base_2026-03-18_19-12-46_bs32_ep30_lr0.0001_optAdam_dc0.25_df0.5_wd0.0
treinamento_imagens_4_fase2_2026-04-07_01-47-08_bs32_ep250_lr0.001_optRMSprop_dc0.3_df0.3_wd0.0001,C:\tcc mesonet\experiments\mesonet\treinamento_imagens_4_fase2\treinamento_imagens_4_fase2_2026-04-07_01-47-08_bs32_ep250_lr0.001_optRMSprop_dc0.3_df0.3_wd0.0001,42,cuda,256,32,250,250,0.001,RMSprop,0.3,0.3,0.0001,False,10.0,0.934017,236,0.909994,0.236213,5960.1797,0.934379,0.934991,0.934391,0.934357,C:\tcc mesonet\experiments\mesonet\treinamento_imagens_4_fase2\treinamento_imagens_4_fase2_2026-04-07_01-47-08_bs32_ep250_lr0.001_optRMSprop_dc0.3_df0.3_wd0.0001\best_model.pt,C:\tcc mesonet\experiments\mesonet\treinamento_imagens_4_fase2\treinamento_imagens_4_fase2_2026-04-07_01-47-08_bs32_ep250_lr0.001_optRMSprop_dc0.3_df0.3_wd0.0001\metrics.json,treinamento_imagens_4_fase2,treinamento_imagens_4_fase2_2026-04-07_01-47-08_bs32_ep250_lr0.001_optRMSprop_dc0.3_df0.3_wd0.0001
treinamento_imagens_4_fase2_2026-04-05_02-26-18_bs32_ep250_lr0.001_optRMSprop_dc0.1_df0.5_wd0.0005,C:\tcc mesonet\experiments\mesonet\treinamento_imagens_4_fase2\treinamento_imagens_4_fase2_2026-04-05_02-26-18_bs32_ep250_lr0.001_optRMSprop_dc0.1_df0.5_wd0.0005,42,cuda,256,32,250,250,0.001,RMSprop,0.1,0.5,0.0005,False,10.0,0.947149,213,0.915759,0.20915,5952.7466,0.926376,0.92656,0.92637,0.926368,C:\tcc mesonet\experiments\mesonet\treinamento_imagens_4_fase2\treinamento_imagens_4_fase2_2026-04-05_02-26-18_bs32_ep250_lr0.001_optRMSprop_dc0.1_df0.5_wd0.0005\best_model.pt,C:\tcc mesonet\experiments\mesonet\treinamento_imagens_4_fase2\treinamento_imagens_4_fase2_2026-04-05_02-26-18_bs32_ep250_lr0.001_optRMSprop_dc0.1_df0.5_wd0.0005\metrics.json,treinamento_imagens_4_fase2,treinamento_imagens_4_fase2_2026-04-05_02-26-18_bs32_ep250_lr0.001_optRMSprop_dc0.1_df0.5_wd0.0005
treinamento_imagens_4_fase2_2026-04-05_15-39-03_bs32_ep250_lr0.001_optRMSprop_dc0.25_df0.3_wd0.0005,C:\tcc mesonet\experiments\mesonet\treinamento_imagens_4_fase2\treinamento_imagens_4_fase2_2026-04-05_15-39-03_bs32_ep250_lr0.001_optRMSprop_dc0.25_df0.3_wd0.0005,42,cuda,256,32,250,250,0.001,RMSprop,0.25,0.3,0.0005,False,10.0,0.907431,234,0.886611,0.290876,7032.5672,0.910051,0.914323,0.910084,0.909823,C:\tcc mesonet\experiments\mesonet\treinamento_imagens_4_fase2\treinamento_imagens_4_fase2_2026-04-05_15-39-03_bs32_ep250_lr0.001_optRMSprop_dc0.25_df0.3_wd0.0005\best_model.pt,C:\tcc mesonet\experiments\mesonet\treinamento_imagens_4_fase2\treinamento_imagens_4_fase2_2026-04-05_15-39-03_bs32_ep250_lr0.001_optRMSprop_dc0.25_df0.3_wd0.0005\metrics.json,treinamento_imagens_4_fase2,treinamento_imagens_4_fase2_2026-04-05_15-39-03_bs32_ep250_lr0.001_optRMSprop_dc0.25_df0.3_wd0.0005
treinamento_imagens_4_fase2_2026-04-04_21-31-02_bs32_ep250_lr0.001_optRMSprop_dc0.1_df0.3_wd0.001,C:\tcc mesonet\experiments\mesonet\treinamento_imagens_4_fase2\treinamento_imagens_4_fase2_2026-04-04_21-31-02_bs32_ep250_lr0.001_optRMSprop_dc0.1_df0.3_wd0.001,42,cuda,256,32,250,250,0.001,RMSprop,0.1,0.3,0.001,False,10.0,0.907431,173,0.871236,0.299573,5890.3216,0.901088,0.903575,0.901114,0.90094,C:\tcc mesonet\experiments\mesonet\treinamento_imagens_4_fase2\treinamento_imagens_4_fase2_2026-04-04_21-31-02_bs32_ep250_lr0.001_optRMSprop_dc0.1_df0.3_wd0.001\best_model.pt,C:\tcc mesonet\experiments\mesonet\treinamento_imagens_4_fase2\treinamento_imagens_4_fase2_2026-04-04_21-31-02_bs32_ep250_lr0.001_optRMSprop_dc0.1_df0.3_wd0.001\metrics.json,treinamento_imagens_4_fase2,treinamento_imagens_4_fase2_2026-04-04_21-31-02_bs32_ep250_lr0.001_optRMSprop_dc0.1_df0.3_wd0.001
treinamento_imagens_4_fase2_2026-04-05_07-23-14_bs32_ep250_lr0.001_optRMSprop_dc0.1_df0.7_wd0.0001,C:\tcc mesonet\experiments\mesonet\treinamento_imagens_4_fase2\treinamento_imagens_4_fase2_2026-04-05_07-23-14_bs32_ep250_lr0.001_optRMSprop_dc0.1_df0.7_wd0.0001,42,cuda,256,32,250,250,0.001,RMSprop,0.1,0.7,0.0001,False,10.0,0.906791,192,0.891416,0.296052,5971.6269,0.899808,0.903075,0.899837,0.899609,C:\tcc mesonet\experiments\mesonet\treinamento_imagens_4_fase2\treinamento_imagens_4_fase2_2026-04-05_07-23-14_bs32_ep250_lr0.001_optRMSprop_dc0.1_df0.7_wd0.0001\best_model.pt,C:\tcc mesonet\experiments\mesonet\treinamento_imagens_4_fase2\treinamento_imagens_4_fase2_2026-04-05_07-23-14_bs32_ep250_lr0.001_optRMSprop_dc0.1_df0.7_wd0.0001\metrics.json,treinamento_imagens_4_fase2,treinamento_imagens_4_fase2_2026-04-05_07-23-14_bs32_ep250_lr0.001_optRMSprop_dc0.1_df0.7_wd0.0001
treinamento_imagens_4_fase2_2026-04-05_04-05-35_bs32_ep250_lr0.001_optRMSprop_dc0.1_df0.5_wd0.001,C:\tcc mesonet\experiments\mesonet\treinamento_imagens_4_fase2\treinamento_imagens_4_fase2_2026-04-05_04-05-35_bs32_ep250_lr0.001_optRMSprop_dc0.1_df0.5_wd0.001,42,cuda,256,32,250,250,0.001,RMSprop,0.1,0.5,0.001,False,10.0,0.881807,53,0.788597,0.455029,5933.923,0.871639,0.87738,0.871678,0.871157,C:\tcc mesonet\experiments\mesonet\treinamento_imagens_4_fase2\treinamento_imagens_4_fase2_2026-04-05_04-05-35_bs32_ep250_lr0.001_optRMSprop_dc0.1_df0.5_wd0.001\best_model.pt,C:\tcc mesonet\experiments\mesonet\treinamento_imagens_4_fase2\treinamento_imagens_4_fase2_2026-04-05_04-05-35_bs32_ep250_lr0.001_optRMSprop_dc0.1_df0.5_wd0.001\metrics.json,treinamento_imagens_4_fase2,treinamento_imagens_4_fase2_2026-04-05_04-05-35_bs32_ep250_lr0.001_optRMSprop_dc0.1_df0.5_wd0.001
mesonet_base_2026-03-18_19-09-35_bs32_ep5_lr0.0001_optAdam_dc0.25_df0.5_wd0.0,C:\tcc mesonet\experiments\mesonet\mesonet_base_2026-03-18_19-09-35_bs32_ep5_lr0.0001_optAdam_dc0.25_df0.5_wd0.0,42,cuda,256,32,5,5,0.0001,Adam,0.25,0.5,0.0,,,0.866029,5,0.866029,0.353865,83.2677,0.866699,0.871353,0.866672,0.866273,C:\tcc mesonet\experiments\mesonet\mesonet_base_2026-03-18_19-09-35_bs32_ep5_lr0.0001_optAdam_dc0.25_df0.5_wd0.0\best_model.pt,C:\tcc mesonet\experiments\mesonet\treinamento_imagens_1\mesonet_base_2026-03-18_19-09-35_bs32_ep5_lr0.0001_optAdam_dc0.25_df0.5_wd0.0\metrics.json,treinamento_imagens_1,mesonet_base_2026-03-18_19-09-35_bs32_ep5_lr0.0001_optAdam_dc0.25_df0.5_wd0.0
treinamento_imagens_4_fase2_2026-04-07_08-23-44_bs32_ep250_lr0.001_optRMSprop_dc0.3_df0.5_wd0.0001,C:\tcc mesonet\experiments\mesonet\treinamento_imagens_4_fase2\treinamento_imagens_4_fase2_2026-04-07_08-23-44_bs32_ep250_lr0.001_optRMSprop_dc0.3_df0.5_wd0.0001,42,cuda,256,32,250,250,0.001,RMSprop,0.3,0.5,0.0001,False,10.0,0.557655,170,0.50032,0.693368,8448.2774,0.573624,0.591844,0.573766,0.551623,C:\tcc mesonet\experiments\mesonet\treinamento_imagens_4_fase2\treinamento_imagens_4_fase2_2026-04-07_08-23-44_bs32_ep250_lr0.001_optRMSprop_dc0.3_df0.5_wd0.0001\best_model.pt,C:\tcc mesonet\experiments\mesonet\treinamento_imagens_4_fase2\treinamento_imagens_4_fase2_2026-04-07_08-23-44_bs32_ep250_lr0.001_optRMSprop_dc0.3_df0.5_wd0.0001\metrics.json,treinamento_imagens_4_fase2,treinamento_imagens_4_fase2_2026-04-07_08-23-44_bs32_ep250_lr0.001_optRMSprop_dc0.3_df0.5_wd0.0001
treinamento_imagens_4_fase2_2026-04-07_19-02-55_bs32_ep250_lr0.001_optRMSprop_dc0.3_df0.5_wd0.001,C:\tcc mesonet\experiments\mesonet\treinamento_imagens_4_fase2\treinamento_imagens_4_fase2_2026-04-07_19-02-55_bs32_ep250_lr0.001_optRMSprop_dc0.3_df0.5_wd0.001,42,cuda,256,32,250,250,0.001,RMSprop,0.3,0.5,0.001,False,10.0,0.522742,219,0.50032,0.693488,9002.3187,0.545455,0.546105,0.545415,0.543731,C:\tcc mesonet\experiments\mesonet\treinamento_imagens_4_fase2\treinamento_imagens_4_fase2_2026-04-07_19-02-55_bs32_ep250_lr0.001_optRMSprop_dc0.3_df0.5_wd0.001\best_model.pt,C:\tcc mesonet\experiments\mesonet\treinamento_imagens_4_fase2\treinamento_imagens_4_fase2_2026-04-07_19-02-55_bs32_ep250_lr0.001_optRMSprop_dc0.3_df0.5_wd0.001\metrics.json,treinamento_imagens_4_fase2,treinamento_imagens_4_fase2_2026-04-07_19-02-55_bs32_ep250_lr0.001_optRMSprop_dc0.3_df0.5_wd0.001
treinamento_imagens_4_fase2_2026-04-05_09-02-50_bs32_ep250_lr0.001_optRMSprop_dc0.1_df0.7_wd0.0005,C:\tcc mesonet\experiments\mesonet\treinamento_imagens_4_fase2\treinamento_imagens_4_fase2_2026-04-05_09-02-50_bs32_ep250_lr0.001_optRMSprop_dc0.1_df0.7_wd0.0005,42,cuda,256,32,250,250,0.001,RMSprop,0.1,0.7,0.0005,False,10.0,0.532031,138,0.50032,0.693337,5924.3495,0.52977,0.530605,0.529821,0.526763,C:\tcc mesonet\experiments\mesonet\treinamento_imagens_4_fase2\treinamento_imagens_4_fase2_2026-04-05_09-02-50_bs32_ep250_lr0.001_optRMSprop_dc0.1_df0.7_wd0.0005\best_model.pt,C:\tcc mesonet\experiments\mesonet\treinamento_imagens_4_fase2\treinamento_imagens_4_fase2_2026-04-05_09-02-50_bs32_ep250_lr0.001_optRMSprop_dc0.1_df0.7_wd0.0005\metrics.json,treinamento_imagens_4_fase2,treinamento_imagens_4_fase2_2026-04-05_09-02-50_bs32_ep250_lr0.001_optRMSprop_dc0.1_df0.7_wd0.0005
treinamento_imagens5_2026-05-01_19-24-02_bs32_ep200_lr0.0007_optRMSprop_dc0.25_df0.6_wd5e-05,C:\tcc mesonet\experiments\mesonet\treinamento_imagens5\treinamento_imagens5_2026-05-01_19-24-02_bs32_ep200_lr0.0007_optRMSprop_dc0.25_df0.6_wd5e-05,42,cuda,256,32,200,200,0.0007,RMSprop,0.25,0.6,5e-05,False,10.0,0.528187,178,0.49968,0.693866,4759.0932,0.537132,0.544867,0.537264,0.516722,C:\tcc mesonet\experiments\mesonet\treinamento_imagens5\treinamento_imagens5_2026-05-01_19-24-02_bs32_ep200_lr0.0007_optRMSprop_dc0.25_df0.6_wd5e-05\best_model.pt,C:\tcc mesonet\experiments\mesonet\treinamento_imagens5\treinamento_imagens5_2026-05-01_19-24-02_bs32_ep200_lr0.0007_optRMSprop_dc0.25_df0.6_wd5e-05\metrics.json,treinamento_imagens5,treinamento_imagens5_2026-05-01_19-24-02_bs32_ep200_lr0.0007_optRMSprop_dc0.25_df0.6_wd5e-05
treinamento_imagens_4_fase2_2026-04-07_10-44-39_bs32_ep250_lr0.001_optRMSprop_dc0.3_df0.5_wd0.0005,C:\tcc mesonet\experiments\mesonet\treinamento_imagens_4_fase2\treinamento_imagens_4_fase2_2026-04-07_10-44-39_bs32_ep250_lr0.001_optRMSprop_dc0.3_df0.5_wd0.0005,42,cuda,256,32,250,250,0.001,RMSprop,0.3,0.5,0.0005,False,10.0,0.529468,142,0.516015,0.693122,29889.7397,0.517606,0.519237,0.51751,0.506483,C:\tcc mesonet\experiments\mesonet\treinamento_imagens_4_fase2\treinamento_imagens_4_fase2_2026-04-07_10-44-39_bs32_ep250_lr0.001_optRMSprop_dc0.3_df0.5_wd0.0005\best_model.pt,C:\tcc mesonet\experiments\mesonet\treinamento_imagens_4_fase2\treinamento_imagens_4_fase2_2026-04-07_10-44-39_bs32_ep250_lr0.001_optRMSprop_dc0.3_df0.5_wd0.0005\metrics.json,treinamento_imagens_4_fase2,treinamento_imagens_4_fase2_2026-04-07_10-44-39_bs32_ep250_lr0.001_optRMSprop_dc0.3_df0.5_wd0.0005
treinamento_imagens_4_fase2_2026-04-06_02-40-09_bs32_ep250_lr0.001_optRMSprop_dc0.25_df0.5_wd0.001,C:\tcc mesonet\experiments\mesonet\treinamento_imagens_4_fase2\treinamento_imagens_4_fase2_2026-04-06_02-40-09_bs32_ep250_lr0.001_optRMSprop_dc0.25_df0.5_wd0.001,42,cuda,256,32,250,250,0.001,RMSprop,0.25,0.5,0.001,False,10.0,0.507367,1,0.50032,0.693603,5846.1497,0.49872,0.498735,0.498741,0.498185,C:\tcc mesonet\experiments\mesonet\treinamento_imagens_4_fase2\treinamento_imagens_4_fase2_2026-04-06_02-40-09_bs32_ep250_lr0.001_optRMSprop_dc0.25_df0.5_wd0.001\best_model.pt,C:\tcc mesonet\experiments\mesonet\treinamento_imagens_4_fase2\treinamento_imagens_4_fase2_2026-04-06_02-40-09_bs32_ep250_lr0.001_optRMSprop_dc0.25_df0.5_wd0.001\metrics.json,treinamento_imagens_4_fase2,treinamento_imagens_4_fase2_2026-04-06_02-40-09_bs32_ep250_lr0.001_optRMSprop_dc0.25_df0.5_wd0.001
treinamento_imagens_4_fase2_2026-04-06_05-55-45_bs32_ep250_lr0.001_optRMSprop_dc0.25_df0.7_wd0.0001,C:\tcc mesonet\experiments\mesonet\treinamento_imagens_4_fase2\treinamento_imagens_4_fase2_2026-04-06_05-55-45_bs32_ep250_lr0.001_optRMSprop_dc0.25_df0.7_wd0.0001,42,cuda,256,32,250,250,0.001,RMSprop,0.25,0.7,0.0001,False,10.0,0.52082,209,0.50032,0.693362,27103.3917,0.50128,0.501314,0.501177,0.487953,C:\tcc mesonet\experiments\mesonet\treinamento_imagens_4_fase2\treinamento_imagens_4_fase2_2026-04-06_05-55-45_bs32_ep250_lr0.001_optRMSprop_dc0.25_df0.7_wd0.0001\best_model.pt,C:\tcc mesonet\experiments\mesonet\treinamento_imagens_4_fase2\treinamento_imagens_4_fase2_2026-04-06_05-55-45_bs32_ep250_lr0.001_optRMSprop_dc0.25_df0.7_wd0.0001\metrics.json,treinamento_imagens_4_fase2,treinamento_imagens_4_fase2_2026-04-06_05-55-45_bs32_ep250_lr0.001_optRMSprop_dc0.25_df0.7_wd0.0001
mesonet_sweep_interval_10_2026-03-22_09-27-16_bs32_ep50_lr0.001_optAdam_dc0.25_df0.3_wd0.0001,C:\tcc mesonet\experiments\mesonet\mesonet_sweep_interval_10_2026-03-22_09-27-16_bs32_ep50_lr0.001_optAdam_dc0.25_df0.3_wd0.0001,42,cuda,256,32,50,14,0.001,Adam,0.25,0.3,0.0001,,,0.540038,4,0.49968,0.69315,330.03,0.541613,0.576675,0.541829,0.482984,C:\tcc mesonet\experiments\mesonet\mesonet_sweep_interval_10_2026-03-22_09-27-16_bs32_ep50_lr0.001_optAdam_dc0.25_df0.3_wd0.0001\best_model.pt,C:\tcc mesonet\experiments\mesonet\treinamento_imagens_3\mesonet_sweep_interval_10_2026-03-22_09-27-16_bs32_ep50_lr0.001_optAdam_dc0.25_df0.3_wd0.0001\metrics.json,treinamento_imagens_3,mesonet_sweep_interval_10_2026-03-22_09-27-16_bs32_ep50_lr0.001_optAdam_dc0.25_df0.3_wd0.0001
mesonet_sweep_interval_10_2026-03-22_13-42-49_bs32_ep100_lr0.001_optAdam_dc0.25_df0.3_wd0.0001,C:\tcc mesonet\experiments\mesonet\mesonet_sweep_interval_10_2026-03-22_13-42-49_bs32_ep100_lr0.001_optAdam_dc0.25_df0.3_wd0.0001,42,cuda,256,32,100,14,0.001,Adam,0.25,0.3,0.0001,,,0.540038,4,0.49968,0.69315,329.8527,0.541613,0.576675,0.541829,0.482984,C:\tcc mesonet\experiments\mesonet\mesonet_sweep_interval_10_2026-03-22_13-42-49_bs32_ep100_lr0.001_optAdam_dc0.25_df0.3_wd0.0001\best_model.pt,C:\tcc mesonet\experiments\mesonet\treinamento_imagens_3\mesonet_sweep_interval_10_2026-03-22_13-42-49_bs32_ep100_lr0.001_optAdam_dc0.25_df0.3_wd0.0001\metrics.json,treinamento_imagens_3,mesonet_sweep_interval_10_2026-03-22_13-42-49_bs32_ep100_lr0.001_optAdam_dc0.25_df0.3_wd0.0001
mesonet_sweep_interval_10_2026-03-22_21-49-42_bs32_ep500_lr0.001_optAdam_dc0.25_df0.3_wd0.0001,C:\tcc mesonet\experiments\mesonet\mesonet_sweep_interval_10_2026-03-22_21-49-42_bs32_ep500_lr0.001_optAdam_dc0.25_df0.3_wd0.0001,42,cuda,256,32,500,14,0.001,Adam,0.25,0.3,0.0001,,,0.540038,4,0.49968,0.69315,333.5859,0.541613,0.576675,0.541829,0.482984,C:\tcc mesonet\experiments\mesonet\mesonet_sweep_interval_10_2026-03-22_21-49-42_bs32_ep500_lr0.001_optAdam_dc0.25_df0.3_wd0.0001\best_model.pt,C:\tcc mesonet\experiments\mesonet\treinamento_imagens_3\mesonet_sweep_interval_10_2026-03-22_21-49-42_bs32_ep500_lr0.001_optAdam_dc0.25_df0.3_wd0.0001\metrics.json,treinamento_imagens_3,mesonet_sweep_interval_10_2026-03-22_21-49-42_bs32_ep500_lr0.001_optAdam_dc0.25_df0.3_wd0.0001
treinamento_imagens_4_fase2_2026-04-06_13-27-34_bs32_ep250_lr0.001_optRMSprop_dc0.25_df0.7_wd0.0005,C:\tcc mesonet\experiments\mesonet\treinamento_imagens_4_fase2\treinamento_imagens_4_fase2_2026-04-06_13-27-34_bs32_ep250_lr0.001_optRMSprop_dc0.25_df0.7_wd0.0005,42,cuda,256,32,250,250,0.001,RMSprop,0.25,0.7,0.0005,False,10.0,0.527546,178,0.50032,0.693273,21868.6226,0.523047,0.533893,0.522865,0.480711,C:\tcc mesonet\experiments\mesonet\treinamento_imagens_4_fase2\treinamento_imagens_4_fase2_2026-04-06_13-27-34_bs32_ep250_lr0.001_optRMSprop_dc0.25_df0.7_wd0.0005\best_model.pt,C:\tcc mesonet\experiments\mesonet\treinamento_imagens_4_fase2\treinamento_imagens_4_fase2_2026-04-06_13-27-34_bs32_ep250_lr0.001_optRMSprop_dc0.25_df0.7_wd0.0005\metrics.json,treinamento_imagens_4_fase2,treinamento_imagens_4_fase2_2026-04-06_13-27-34_bs32_ep250_lr0.001_optRMSprop_dc0.25_df0.7_wd0.0005
treinamento_imagens_4_fase2_2026-04-07_03-26-33_bs32_ep250_lr0.001_optRMSprop_dc0.3_df0.3_wd0.0005,C:\tcc mesonet\experiments\mesonet\treinamento_imagens_4_fase2\treinamento_imagens_4_fase2_2026-04-07_03-26-33_bs32_ep250_lr0.001_optRMSprop_dc0.3_df0.3_wd0.0005,42,cuda,256,32,250,250,0.001,RMSprop,0.3,0.3,0.0005,False,10.0,0.51089,170,0.50032,0.693341,5937.2326,0.538412,0.572427,0.538631,0.477583,C:\tcc mesonet\experiments\mesonet\treinamento_imagens_4_fase2\treinamento_imagens_4_fase2_2026-04-07_03-26-33_bs32_ep250_lr0.001_optRMSprop_dc0.3_df0.3_wd0.0005\best_model.pt,C:\tcc mesonet\experiments\mesonet\treinamento_imagens_4_fase2\treinamento_imagens_4_fase2_2026-04-07_03-26-33_bs32_ep250_lr0.001_optRMSprop_dc0.3_df0.3_wd0.0005\metrics.json,treinamento_imagens_4_fase2,treinamento_imagens_4_fase2_2026-04-07_03-26-33_bs32_ep250_lr0.001_optRMSprop_dc0.3_df0.3_wd0.0005
treinamento_imagens_4_fase2_2026-04-06_01-02-47_bs32_ep250_lr0.001_optRMSprop_dc0.25_df0.5_wd0.0005,C:\tcc mesonet\experiments\mesonet\treinamento_imagens_4_fase2\treinamento_imagens_4_fase2_2026-04-06_01-02-47_bs32_ep250_lr0.001_optRMSprop_dc0.25_df0.5_wd0.0005,42,cuda,256,32,250,250,0.001,RMSprop,0.25,0.5,0.0005,False,10.0,0.522101,43,0.50032,0.693352,5837.4997,0.494238,0.491068,0.494053,0.448017,C:\tcc mesonet\experiments\mesonet\treinamento_imagens_4_fase2\treinamento_imagens_4_fase2_2026-04-06_01-02-47_bs32_ep250_lr0.001_optRMSprop_dc0.25_df0.5_wd0.0005\best_model.pt,C:\tcc mesonet\experiments\mesonet\treinamento_imagens_4_fase2\treinamento_imagens_4_fase2_2026-04-06_01-02-47_bs32_ep250_lr0.001_optRMSprop_dc0.25_df0.5_wd0.0005\metrics.json,treinamento_imagens_4_fase2,treinamento_imagens_4_fase2_2026-04-06_01-02-47_bs32_ep250_lr0.001_optRMSprop_dc0.25_df0.5_wd0.0005
treinamento_imagens_4_fase2_2026-04-08_00-50-45_bs32_ep250_lr0.001_optRMSprop_dc0.3_df0.7_wd0.0005,C:\tcc mesonet\experiments\mesonet\treinamento_imagens_4_fase2\treinamento_imagens_4_fase2_2026-04-08_00-50-45_bs32_ep250_lr0.001_optRMSprop_dc0.3_df0.7_wd0.0005,42,cuda,256,32,250,250,0.001,RMSprop,0.3,0.7,0.0005,False,10.0,0.527226,247,0.50032,0.694009,5930.9003,0.512164,0.525888,0.511929,0.436002,C:\tcc mesonet\experiments\mesonet\treinamento_imagens_4_fase2\treinamento_imagens_4_fase2_2026-04-08_00-50-45_bs32_ep250_lr0.001_optRMSprop_dc0.3_df0.7_wd0.0005\best_model.pt,C:\tcc mesonet\experiments\mesonet\treinamento_imagens_4_fase2\treinamento_imagens_4_fase2_2026-04-08_00-50-45_bs32_ep250_lr0.001_optRMSprop_dc0.3_df0.7_wd0.0005\metrics.json,treinamento_imagens_4_fase2,treinamento_imagens_4_fase2_2026-04-08_00-50-45_bs32_ep250_lr0.001_optRMSprop_dc0.3_df0.7_wd0.0005
treinamento_imagens_4_fase2_2026-04-06_19-32-09_bs32_ep250_lr0.001_optRMSprop_dc0.25_df0.7_wd0.001,C:\tcc mesonet\experiments\mesonet\treinamento_imagens_4_fase2\treinamento_imagens_4_fase2_2026-04-06_19-32-09_bs32_ep250_lr0.001_optRMSprop_dc0.25_df0.7_wd0.001,42,cuda,256,32,250,250,0.001,RMSprop,0.25,0.7,0.001,False,10.0,0.512492,4,0.50032,0.69337,16516.8074,0.514405,0.535579,0.51465,0.430845,C:\tcc mesonet\experiments\mesonet\treinamento_imagens_4_fase2\treinamento_imagens_4_fase2_2026-04-06_19-32-09_bs32_ep250_lr0.001_optRMSprop_dc0.25_df0.7_wd0.001\best_model.pt,C:\tcc mesonet\experiments\mesonet\treinamento_imagens_4_fase2\treinamento_imagens_4_fase2_2026-04-06_19-32-09_bs32_ep250_lr0.001_optRMSprop_dc0.25_df0.7_wd0.001\metrics.json,treinamento_imagens_4_fase2,treinamento_imagens_4_fase2_2026-04-06_19-32-09_bs32_ep250_lr0.001_optRMSprop_dc0.25_df0.7_wd0.001
treinamento_imagens_4_fase2_2026-04-05_10-41-39_bs32_ep250_lr0.001_optRMSprop_dc0.1_df0.7_wd0.001,C:\tcc mesonet\experiments\mesonet\treinamento_imagens_4_fase2\treinamento_imagens_4_fase2_2026-04-05_10-41-39_bs32_ep250_lr0.001_optRMSprop_dc0.1_df0.7_wd0.001,42,cuda,256,32,250,250,0.001,RMSprop,0.1,0.7,0.001,False,10.0,0.521781,61,0.50032,0.693334,5964.9289,0.505762,0.511852,0.505528,0.429529,C:\tcc mesonet\experiments\mesonet\treinamento_imagens_4_fase2\treinamento_imagens_4_fase2_2026-04-05_10-41-39_bs32_ep250_lr0.001_optRMSprop_dc0.1_df0.7_wd0.001\best_model.pt,C:\tcc mesonet\experiments\mesonet\treinamento_imagens_4_fase2\treinamento_imagens_4_fase2_2026-04-05_10-41-39_bs32_ep250_lr0.001_optRMSprop_dc0.1_df0.7_wd0.001\metrics.json,treinamento_imagens_4_fase2,treinamento_imagens_4_fase2_2026-04-05_10-41-39_bs32_ep250_lr0.001_optRMSprop_dc0.1_df0.7_wd0.001
treinamento_imagens_4_fase2_2026-04-08_02-29-41_bs32_ep250_lr0.001_optRMSprop_dc0.3_df0.7_wd0.001,C:\tcc mesonet\experiments\mesonet\treinamento_imagens_4_fase2\treinamento_imagens_4_fase2_2026-04-08_02-29-41_bs32_ep250_lr0.001_optRMSprop_dc0.3_df0.7_wd0.001,42,cuda,256,32,250,250,0.001,RMSprop,0.3,0.7,0.001,False,10.0,0.501281,245,0.50032,0.693321,5954.1711,0.512164,0.533124,0.512417,0.421975,C:\tcc mesonet\experiments\mesonet\treinamento_imagens_4_fase2\treinamento_imagens_4_fase2_2026-04-08_02-29-41_bs32_ep250_lr0.001_optRMSprop_dc0.3_df0.7_wd0.001\best_model.pt,C:\tcc mesonet\experiments\mesonet\treinamento_imagens_4_fase2\treinamento_imagens_4_fase2_2026-04-08_02-29-41_bs32_ep250_lr0.001_optRMSprop_dc0.3_df0.7_wd0.001\metrics.json,treinamento_imagens_4_fase2,treinamento_imagens_4_fase2_2026-04-08_02-29-41_bs32_ep250_lr0.001_optRMSprop_dc0.3_df0.7_wd0.001
treinamento_imagens_4_fase2_2026-04-05_17-36-21_bs32_ep250_lr0.001_optRMSprop_dc0.25_df0.3_wd0.001,C:\tcc mesonet\experiments\mesonet\treinamento_imagens_4_fase2\treinamento_imagens_4_fase2_2026-04-05_17-36-21_bs32_ep250_lr0.001_optRMSprop_dc0.25_df0.3_wd0.001,42,cuda,256,32,250,250,0.001,RMSprop,0.25,0.3,0.001,False,10.0,0.514734,135,0.50032,0.693338,15020.4067,0.510883,0.576275,0.511179,0.378455,C:\tcc mesonet\experiments\mesonet\treinamento_imagens_4_fase2\treinamento_imagens_4_fase2_2026-04-05_17-36-21_bs32_ep250_lr0.001_optRMSprop_dc0.25_df0.3_wd0.001\best_model.pt,C:\tcc mesonet\experiments\mesonet\treinamento_imagens_4_fase2\treinamento_imagens_4_fase2_2026-04-05_17-36-21_bs32_ep250_lr0.001_optRMSprop_dc0.25_df0.3_wd0.001\metrics.json,treinamento_imagens_4_fase2,treinamento_imagens_4_fase2_2026-04-05_17-36-21_bs32_ep250_lr0.001_optRMSprop_dc0.25_df0.3_wd0.001
treinamento_imagens_4_fase2_2026-04-07_23-11-52_bs32_ep250_lr0.001_optRMSprop_dc0.3_df0.7_wd0.0001,C:\tcc mesonet\experiments\mesonet\treinamento_imagens_4_fase2\treinamento_imagens_4_fase2_2026-04-07_23-11-52_bs32_ep250_lr0.001_optRMSprop_dc0.3_df0.7_wd0.0001,42,cuda,256,32,250,250,0.001,RMSprop,0.3,0.7,0.0001,False,10.0,0.504484,111,0.50032,0.693339,5929.0062,0.503521,0.521672,0.503812,0.374917,C:\tcc mesonet\experiments\mesonet\treinamento_imagens_4_fase2\treinamento_imagens_4_fase2_2026-04-07_23-11-52_bs32_ep250_lr0.001_optRMSprop_dc0.3_df0.7_wd0.0001\best_model.pt,C:\tcc mesonet\experiments\mesonet\treinamento_imagens_4_fase2\treinamento_imagens_4_fase2_2026-04-07_23-11-52_bs32_ep250_lr0.001_optRMSprop_dc0.3_df0.7_wd0.0001\metrics.json,treinamento_imagens_4_fase2,treinamento_imagens_4_fase2_2026-04-07_23-11-52_bs32_ep250_lr0.001_optRMSprop_dc0.3_df0.7_wd0.0001
treinamento_imagens_4_fase2_2026-04-07_05-05-34_bs32_ep250_lr0.001_optRMSprop_dc0.3_df0.3_wd0.001,C:\tcc mesonet\experiments\mesonet\treinamento_imagens_4_fase2\treinamento_imagens_4_fase2_2026-04-07_05-05-34_bs32_ep250_lr0.001_optRMSprop_dc0.3_df0.3_wd0.001,42,cuda,256,32,250,250,0.001,RMSprop,0.3,0.3,0.001,False,10.0,0.507047,198,0.50032,0.693342,5935.8033,0.505442,0.554887,0.505745,0.363067,C:\tcc mesonet\experiments\mesonet\treinamento_imagens_4_fase2\treinamento_imagens_4_fase2_2026-04-07_05-05-34_bs32_ep250_lr0.001_optRMSprop_dc0.3_df0.3_wd0.001\best_model.pt,C:\tcc mesonet\experiments\mesonet\treinamento_imagens_4_fase2\treinamento_imagens_4_fase2_2026-04-07_05-05-34_bs32_ep250_lr0.001_optRMSprop_dc0.3_df0.3_wd0.001\metrics.json,treinamento_imagens_4_fase2,treinamento_imagens_4_fase2_2026-04-07_05-05-34_bs32_ep250_lr0.001_optRMSprop_dc0.3_df0.3_wd0.001
treinamento_imagens_4_fase2_2026-04-05_23-24-57_bs32_ep250_lr0.001_optRMSprop_dc0.25_df0.5_wd0.0001,C:\tcc mesonet\experiments\mesonet\treinamento_imagens_4_fase2\treinamento_imagens_4_fase2_2026-04-05_23-24-57_bs32_ep250_lr0.001_optRMSprop_dc0.25_df0.5_wd0.0001,42,cuda,256,32,250,250,0.001,RMSprop,0.25,0.5,0.0001,False,10.0,0.506406,231,0.50032,0.693341,5866.336,0.506722,0.616209,0.507032,0.355562,C:\tcc mesonet\experiments\mesonet\treinamento_imagens_4_fase2\treinamento_imagens_4_fase2_2026-04-05_23-24-57_bs32_ep250_lr0.001_optRMSprop_dc0.25_df0.5_wd0.0001\best_model.pt,C:\tcc mesonet\experiments\mesonet\treinamento_imagens_4_fase2\treinamento_imagens_4_fase2_2026-04-05_23-24-57_bs32_ep250_lr0.001_optRMSprop_dc0.25_df0.5_wd0.0001\metrics.json,treinamento_imagens_4_fase2,treinamento_imagens_4_fase2_2026-04-05_23-24-57_bs32_ep250_lr0.001_optRMSprop_dc0.25_df0.5_wd0.0001
mesonet_sweep_interval_10_2026-03-22_02-33-30_bs16_ep500_lr0.001_optAdam_dc0.25_df0.5_wd0.0,C:\tcc mesonet\experiments\mesonet\mesonet_sweep_interval_10_2026-03-22_02-33-30_bs16_ep500_lr0.001_optAdam_dc0.25_df0.5_wd0.0,42,cuda,256,16,500,11,0.001,Adam,0.25,0.5,0.0,,,0.50032,1,0.49968,0.69315,257.0677,0.50032,0.25016,0.5,0.333476,C:\tcc mesonet\experiments\mesonet\mesonet_sweep_interval_10_2026-03-22_02-33-30_bs16_ep500_lr0.001_optAdam_dc0.25_df0.5_wd0.0\best_model.pt,C:\tcc mesonet\experiments\mesonet\treinamento_imagens_3\mesonet_sweep_interval_10_2026-03-22_02-33-30_bs16_ep500_lr0.001_optAdam_dc0.25_df0.5_wd0.0\metrics.json,treinamento_imagens_3,mesonet_sweep_interval_10_2026-03-22_02-33-30_bs16_ep500_lr0.001_optAdam_dc0.25_df0.5_wd0.0
mesonet_sweep_interval_10_2026-03-21_19-35-12_bs16_ep100_lr0.001_optAdam_dc0.25_df0.3_wd0.0001,C:\tcc mesonet\experiments\mesonet\mesonet_sweep_interval_10_2026-03-21_19-35-12_bs16_ep100_lr0.001_optAdam_dc0.25_df0.3_wd0.0001,42,cuda,256,16,100,11,0.001,Adam,0.25,0.3,0.0001,,,0.50032,1,0.49968,0.693231,256.5265,0.50032,0.25016,0.5,0.333476,C:\tcc mesonet\experiments\mesonet\mesonet_sweep_interval_10_2026-03-21_19-35-12_bs16_ep100_lr0.001_optAdam_dc0.25_df0.3_wd0.0001\best_model.pt,C:\tcc mesonet\experiments\mesonet\treinamento_imagens_3\mesonet_sweep_interval_10_2026-03-21_19-35-12_bs16_ep100_lr0.001_optAdam_dc0.25_df0.3_wd0.0001\metrics.json,treinamento_imagens_3,mesonet_sweep_interval_10_2026-03-21_19-35-12_bs16_ep100_lr0.001_optAdam_dc0.25_df0.3_wd0.0001
mesonet_sweep_interval_10_2026-03-21_19-30-27_bs16_ep100_lr0.001_optAdam_dc0.25_df0.3_wd0.0,C:\tcc mesonet\experiments\mesonet\mesonet_sweep_interval_10_2026-03-21_19-30-27_bs16_ep100_lr0.001_optAdam_dc0.25_df0.3_wd0.0,42,cuda,256,16,100,12,0.001,Adam,0.25,0.3,0.0,,,0.50032,2,0.49968,0.693158,280.7924,0.50032,0.25016,0.5,0.333476,C:\tcc mesonet\experiments\mesonet\mesonet_sweep_interval_10_2026-03-21_19-30-27_bs16_ep100_lr0.001_optAdam_dc0.25_df0.3_wd0.0\best_model.pt,C:\tcc mesonet\experiments\mesonet\treinamento_imagens_3\mesonet_sweep_interval_10_2026-03-21_19-30-27_bs16_ep100_lr0.001_optAdam_dc0.25_df0.3_wd0.0\metrics.json,treinamento_imagens_3,mesonet_sweep_interval_10_2026-03-21_19-30-27_bs16_ep100_lr0.001_optAdam_dc0.25_df0.3_wd0.0
mesonet_sweep_interval_10_2026-03-21_14-13-33_bs16_ep50_lr0.001_optAdam_dc0.25_df0.3_wd0.0001,C:\tcc mesonet\experiments\mesonet\mesonet_sweep_interval_10_2026-03-21_14-13-33_bs16_ep50_lr0.001_optAdam_dc0.25_df0.3_wd0.0001,42,cuda,256,16,50,11,0.001,Adam,0.25,0.3,0.0001,,,0.50032,1,0.49968,0.693231,275.4479,0.50032,0.25016,0.5,0.333476,C:\tcc mesonet\experiments\mesonet\mesonet_sweep_interval_10_2026-03-21_14-13-33_bs16_ep50_lr0.001_optAdam_dc0.25_df0.3_wd0.0001\best_model.pt,C:\tcc mesonet\experiments\mesonet\treinamento_imagens_3\mesonet_sweep_interval_10_2026-03-21_14-13-33_bs16_ep50_lr0.001_optAdam_dc0.25_df0.3_wd0.0001\metrics.json,treinamento_imagens_3,mesonet_sweep_interval_10_2026-03-21_14-13-33_bs16_ep50_lr0.001_optAdam_dc0.25_df0.3_wd0.0001
mesonet_sweep_interval_10_2026-03-21_14-18-13_bs16_ep50_lr0.001_optAdam_dc0.25_df0.5_wd0.0,C:\tcc mesonet\experiments\mesonet\mesonet_sweep_interval_10_2026-03-21_14-18-13_bs16_ep50_lr0.001_optAdam_dc0.25_df0.5_wd0.0,42,cuda,256,16,50,11,0.001,Adam,0.25,0.5,0.0,,,0.50032,1,0.49968,0.69315,274.6748,0.50032,0.25016,0.5,0.333476,C:\tcc mesonet\experiments\mesonet\mesonet_sweep_interval_10_2026-03-21_14-18-13_bs16_ep50_lr0.001_optAdam_dc0.25_df0.5_wd0.0\best_model.pt,C:\tcc mesonet\experiments\mesonet\treinamento_imagens_3\mesonet_sweep_interval_10_2026-03-21_14-18-13_bs16_ep50_lr0.001_optAdam_dc0.25_df0.5_wd0.0\metrics.json,treinamento_imagens_3,mesonet_sweep_interval_10_2026-03-21_14-18-13_bs16_ep50_lr0.001_optAdam_dc0.25_df0.5_wd0.0
mesonet_sweep_interval_10_2026-03-21_14-08-28_bs16_ep50_lr0.001_optAdam_dc0.25_df0.3_wd0.0,C:\tcc mesonet\experiments\mesonet\mesonet_sweep_interval_10_2026-03-21_14-08-28_bs16_ep50_lr0.001_optAdam_dc0.25_df0.3_wd0.0,42,cuda,256,16,50,12,0.001,Adam,0.25,0.3,0.0,,,0.50032,2,0.49968,0.693158,299.5085,0.50032,0.25016,0.5,0.333476,C:\tcc mesonet\experiments\mesonet\mesonet_sweep_interval_10_2026-03-21_14-08-28_bs16_ep50_lr0.001_optAdam_dc0.25_df0.3_wd0.0\best_model.pt,C:\tcc mesonet\experiments\mesonet\treinamento_imagens_3\mesonet_sweep_interval_10_2026-03-21_14-08-28_bs16_ep50_lr0.001_optAdam_dc0.25_df0.3_wd0.0\metrics.json,treinamento_imagens_3,mesonet_sweep_interval_10_2026-03-21_14-08-28_bs16_ep50_lr0.001_optAdam_dc0.25_df0.3_wd0.0
mesonet_sweep_interval_10_2026-03-22_02-29-09_bs16_ep500_lr0.001_optAdam_dc0.25_df0.3_wd0.0001,C:\tcc mesonet\experiments\mesonet\mesonet_sweep_interval_10_2026-03-22_02-29-09_bs16_ep500_lr0.001_optAdam_dc0.25_df0.3_wd0.0001,42,cuda,256,16,500,11,0.001,Adam,0.25,0.3,0.0001,,,0.50032,1,0.49968,0.693231,257.5469,0.50032,0.25016,0.5,0.333476,C:\tcc mesonet\experiments\mesonet\mesonet_sweep_interval_10_2026-03-22_02-29-09_bs16_ep500_lr0.001_optAdam_dc0.25_df0.3_wd0.0001\best_model.pt,C:\tcc mesonet\experiments\mesonet\treinamento_imagens_3\mesonet_sweep_interval_10_2026-03-22_02-29-09_bs16_ep500_lr0.001_optAdam_dc0.25_df0.3_wd0.0001\metrics.json,treinamento_imagens_3,mesonet_sweep_interval_10_2026-03-22_02-29-09_bs16_ep500_lr0.001_optAdam_dc0.25_df0.3_wd0.0001
mesonet_sweep_interval_10_2026-03-22_02-24-23_bs16_ep500_lr0.001_optAdam_dc0.25_df0.3_wd0.0,C:\tcc mesonet\experiments\mesonet\mesonet_sweep_interval_10_2026-03-22_02-24-23_bs16_ep500_lr0.001_optAdam_dc0.25_df0.3_wd0.0,42,cuda,256,16,500,12,0.001,Adam,0.25,0.3,0.0,,,0.50032,2,0.49968,0.693158,281.4962,0.50032,0.25016,0.5,0.333476,C:\tcc mesonet\experiments\mesonet\mesonet_sweep_interval_10_2026-03-22_02-24-23_bs16_ep500_lr0.001_optAdam_dc0.25_df0.3_wd0.0\best_model.pt,C:\tcc mesonet\experiments\mesonet\treinamento_imagens_3\mesonet_sweep_interval_10_2026-03-22_02-24-23_bs16_ep500_lr0.001_optAdam_dc0.25_df0.3_wd0.0\metrics.json,treinamento_imagens_3,mesonet_sweep_interval_10_2026-03-22_02-24-23_bs16_ep500_lr0.001_optAdam_dc0.25_df0.3_wd0.0
mesonet_sweep_interval_10_2026-03-21_19-39-33_bs16_ep100_lr0.001_optAdam_dc0.25_df0.5_wd0.0,C:\tcc mesonet\experiments\mesonet\mesonet_sweep_interval_10_2026-03-21_19-39-33_bs16_ep100_lr0.001_optAdam_dc0.25_df0.5_wd0.0,42,cuda,256,16,100,11,0.001,Adam,0.25,0.5,0.0,,,0.50032,1,0.49968,0.69315,256.0522,0.50032,0.25016,0.5,0.333476,C:\tcc mesonet\experiments\mesonet\mesonet_sweep_interval_10_2026-03-21_19-39-33_bs16_ep100_lr0.001_optAdam_dc0.25_df0.5_wd0.0\best_model.pt,C:\tcc mesonet\experiments\mesonet\treinamento_imagens_3\mesonet_sweep_interval_10_2026-03-21_19-39-33_bs16_ep100_lr0.001_optAdam_dc0.25_df0.5_wd0.0\metrics.json,treinamento_imagens_3,mesonet_sweep_interval_10_2026-03-21_19-39-33_bs16_ep100_lr0.001_optAdam_dc0.25_df0.5_wd0.0
mesonet_sweep_interval_10_2026-03-22_09-22-52_bs32_ep50_lr0.001_optAdam_dc0.25_df0.3_wd0.0,C:\tcc mesonet\experiments\mesonet\mesonet_sweep_interval_10_2026-03-22_09-22-52_bs32_ep50_lr0.001_optAdam_dc0.25_df0.3_wd0.0,42,cuda,256,32,50,11,0.001,Adam,0.25,0.3,0.0,,,0.50032,1,0.49968,0.693149,260.1929,0.50032,0.25016,0.5,0.333476,C:\tcc mesonet\experiments\mesonet\mesonet_sweep_interval_10_2026-03-22_09-22-52_bs32_ep50_lr0.001_optAdam_dc0.25_df0.3_wd0.0\best_model.pt,C:\tcc mesonet\experiments\mesonet\treinamento_imagens_3\mesonet_sweep_interval_10_2026-03-22_09-22-52_bs32_ep50_lr0.001_optAdam_dc0.25_df0.3_wd0.0\metrics.json,treinamento_imagens_3,mesonet_sweep_interval_10_2026-03-22_09-22-52_bs32_ep50_lr0.001_optAdam_dc0.25_df0.3_wd0.0
mesonet_sweep_interval_10_2026-03-22_13-38-26_bs32_ep100_lr0.001_optAdam_dc0.25_df0.3_wd0.0,C:\tcc mesonet\experiments\mesonet\mesonet_sweep_interval_10_2026-03-22_13-38-26_bs32_ep100_lr0.001_optAdam_dc0.25_df0.3_wd0.0,42,cuda,256,32,100,11,0.001,Adam,0.25,0.3,0.0,,,0.50032,1,0.49968,0.693149,259.5758,0.50032,0.25016,0.5,0.333476,C:\tcc mesonet\experiments\mesonet\mesonet_sweep_interval_10_2026-03-22_13-38-26_bs32_ep100_lr0.001_optAdam_dc0.25_df0.3_wd0.0\best_model.pt,C:\tcc mesonet\experiments\mesonet\treinamento_imagens_3\mesonet_sweep_interval_10_2026-03-22_13-38-26_bs32_ep100_lr0.001_optAdam_dc0.25_df0.3_wd0.0\metrics.json,treinamento_imagens_3,mesonet_sweep_interval_10_2026-03-22_13-38-26_bs32_ep100_lr0.001_optAdam_dc0.25_df0.3_wd0.0
mesonet_sweep_interval_10_2026-03-22_13-52-46_bs32_ep100_lr0.001_optAdam_dc0.25_df0.5_wd0.0001,C:\tcc mesonet\experiments\mesonet\mesonet_sweep_interval_10_2026-03-22_13-52-46_bs32_ep100_lr0.001_optAdam_dc0.25_df0.5_wd0.0001,42,cuda,256,32,100,11,0.001,Adam,0.25,0.5,0.0001,,,0.50032,1,0.49968,0.693148,258.0849,0.50032,0.25016,0.5,0.333476,C:\tcc mesonet\experiments\mesonet\mesonet_sweep_interval_10_2026-03-22_13-52-46_bs32_ep100_lr0.001_optAdam_dc0.25_df0.5_wd0.0001\best_model.pt,C:\tcc mesonet\experiments\mesonet\treinamento_imagens_3\mesonet_sweep_interval_10_2026-03-22_13-52-46_bs32_ep100_lr0.001_optAdam_dc0.25_df0.5_wd0.0001\metrics.json,treinamento_imagens_3,mesonet_sweep_interval_10_2026-03-22_13-52-46_bs32_ep100_lr0.001_optAdam_dc0.25_df0.5_wd0.0001
mesonet_sweep_interval_10_2026-03-22_13-48-23_bs32_ep100_lr0.001_optAdam_dc0.25_df0.5_wd0.0,C:\tcc mesonet\experiments\mesonet\mesonet_sweep_interval_10_2026-03-22_13-48-23_bs32_ep100_lr0.001_optAdam_dc0.25_df0.5_wd0.0,42,cuda,256,32,100,11,0.001,Adam,0.25,0.5,0.0,,,0.50032,1,0.49968,0.693148,258.5663,0.50032,0.25016,0.5,0.333476,C:\tcc mesonet\experiments\mesonet\mesonet_sweep_interval_10_2026-03-22_13-48-23_bs32_ep100_lr0.001_optAdam_dc0.25_df0.5_wd0.0\best_model.pt,C:\tcc mesonet\experiments\mesonet\treinamento_imagens_3\mesonet_sweep_interval_10_2026-03-22_13-48-23_bs32_ep100_lr0.001_optAdam_dc0.25_df0.5_wd0.0\metrics.json,treinamento_imagens_3,mesonet_sweep_interval_10_2026-03-22_13-48-23_bs32_ep100_lr0.001_optAdam_dc0.25_df0.5_wd0.0
mesonet_sweep_interval_10_2026-03-22_21-59-45_bs32_ep500_lr0.001_optAdam_dc0.25_df0.5_wd0.0001,C:\tcc mesonet\experiments\mesonet\mesonet_sweep_interval_10_2026-03-22_21-59-45_bs32_ep500_lr0.001_optAdam_dc0.25_df0.5_wd0.0001,42,cuda,256,32,500,11,0.001,Adam,0.25,0.5,0.0001,,,0.50032,1,0.49968,0.693148,260.2007,0.50032,0.25016,0.5,0.333476,C:\tcc mesonet\experiments\mesonet\mesonet_sweep_interval_10_2026-03-22_21-59-45_bs32_ep500_lr0.001_optAdam_dc0.25_df0.5_wd0.0001\best_model.pt,C:\tcc mesonet\experiments\mesonet\treinamento_imagens_3\mesonet_sweep_interval_10_2026-03-22_21-59-45_bs32_ep500_lr0.001_optAdam_dc0.25_df0.5_wd0.0001\metrics.json,treinamento_imagens_3,mesonet_sweep_interval_10_2026-03-22_21-59-45_bs32_ep500_lr0.001_optAdam_dc0.25_df0.5_wd0.0001
mesonet_sweep_interval_10_2026-03-22_21-45-16_bs32_ep500_lr0.001_optAdam_dc0.25_df0.3_wd0.0,C:\tcc mesonet\experiments\mesonet\mesonet_sweep_interval_10_2026-03-22_21-45-16_bs32_ep500_lr0.001_optAdam_dc0.25_df0.3_wd0.0,42,cuda,256,32,500,11,0.001,Adam,0.25,0.3,0.0,,,0.50032,1,0.49968,0.693149,261.6331,0.50032,0.25016,0.5,0.333476,C:\tcc mesonet\experiments\mesonet\mesonet_sweep_interval_10_2026-03-22_21-45-16_bs32_ep500_lr0.001_optAdam_dc0.25_df0.3_wd0.0\best_model.pt,C:\tcc mesonet\experiments\mesonet\treinamento_imagens_3\mesonet_sweep_interval_10_2026-03-22_21-45-16_bs32_ep500_lr0.001_optAdam_dc0.25_df0.3_wd0.0\metrics.json,treinamento_imagens_3,mesonet_sweep_interval_10_2026-03-22_21-45-16_bs32_ep500_lr0.001_optAdam_dc0.25_df0.3_wd0.0
mesonet_sweep_interval_10_2026-03-22_21-55-20_bs32_ep500_lr0.001_optAdam_dc0.25_df0.5_wd0.0,C:\tcc mesonet\experiments\mesonet\mesonet_sweep_interval_10_2026-03-22_21-55-20_bs32_ep500_lr0.001_optAdam_dc0.25_df0.5_wd0.0,42,cuda,256,32,500,11,0.001,Adam,0.25,0.5,0.0,,,0.50032,1,0.49968,0.693148,261.0157,0.50032,0.25016,0.5,0.333476,C:\tcc mesonet\experiments\mesonet\mesonet_sweep_interval_10_2026-03-22_21-55-20_bs32_ep500_lr0.001_optAdam_dc0.25_df0.5_wd0.0\best_model.pt,C:\tcc mesonet\experiments\mesonet\treinamento_imagens_3\mesonet_sweep_interval_10_2026-03-22_21-55-20_bs32_ep500_lr0.001_optAdam_dc0.25_df0.5_wd0.0\metrics.json,treinamento_imagens_3,mesonet_sweep_interval_10_2026-03-22_21-55-20_bs32_ep500_lr0.001_optAdam_dc0.25_df0.5_wd0.0
mesonet_sweep_interval_10_2026-03-22_09-37-13_bs32_ep50_lr0.001_optAdam_dc0.25_df0.5_wd0.0001,C:\tcc mesonet\experiments\mesonet\mesonet_sweep_interval_10_2026-03-22_09-37-13_bs32_ep50_lr0.001_optAdam_dc0.25_df0.5_wd0.0001,42,cuda,256,32,50,11,0.001,Adam,0.25,0.5,0.0001,,,0.50032,1,0.49968,0.693148,260.1054,0.50032,0.25016,0.5,0.333476,C:\tcc mesonet\experiments\mesonet\mesonet_sweep_interval_10_2026-03-22_09-37-13_bs32_ep50_lr0.001_optAdam_dc0.25_df0.5_wd0.0001\best_model.pt,C:\tcc mesonet\experiments\mesonet\treinamento_imagens_3\mesonet_sweep_interval_10_2026-03-22_09-37-13_bs32_ep50_lr0.001_optAdam_dc0.25_df0.5_wd0.0001\metrics.json,treinamento_imagens_3,mesonet_sweep_interval_10_2026-03-22_09-37-13_bs32_ep50_lr0.001_optAdam_dc0.25_df0.5_wd0.0001
mesonet_sweep_interval_10_2026-03-22_09-32-50_bs32_ep50_lr0.001_optAdam_dc0.25_df0.5_wd0.0,C:\tcc mesonet\experiments\mesonet\mesonet_sweep_interval_10_2026-03-22_09-32-50_bs32_ep50_lr0.001_optAdam_dc0.25_df0.5_wd0.0,42,cuda,256,32,50,11,0.001,Adam,0.25,0.5,0.0,,,0.50032,1,0.49968,0.693148,258.9353,0.50032,0.25016,0.5,0.333476,C:\tcc mesonet\experiments\mesonet\mesonet_sweep_interval_10_2026-03-22_09-32-50_bs32_ep50_lr0.001_optAdam_dc0.25_df0.5_wd0.0\best_model.pt,C:\tcc mesonet\experiments\mesonet\treinamento_imagens_3\mesonet_sweep_interval_10_2026-03-22_09-32-50_bs32_ep50_lr0.001_optAdam_dc0.25_df0.5_wd0.0\metrics.json,treinamento_imagens_3,mesonet_sweep_interval_10_2026-03-22_09-32-50_bs32_ep50_lr0.001_optAdam_dc0.25_df0.5_wd0.0
treinamento_imagens_4_fase2_2026-04-04_16-35-10_bs32_ep250_lr0.001_optRMSprop_dc0.1_df0.3_wd0.0,C:\tcc mesonet\experiments\mesonet\treinamento_imagens_4_fase2\treinamento_imagens_4_fase2_2026-04-04_16-35-10_bs32_ep250_lr0.001_optRMSprop_dc0.1_df0.3_wd0.0,42,cuda,256,32,250,250,0.001,RMSprop,0.1,0.3,0.0,False,10.0,0.50032,2,0.50032,0.693341,5947.8965,0.50032,0.25016,0.5,0.333476,C:\tcc mesonet\experiments\mesonet\treinamento_imagens_4_fase2\treinamento_imagens_4_fase2_2026-04-04_16-35-10_bs32_ep250_lr0.001_optRMSprop_dc0.1_df0.3_wd0.0\best_model.pt,C:\tcc mesonet\experiments\mesonet\treinamento_imagens_4_fase2\treinamento_imagens_4_fase2_2026-04-04_16-35-10_bs32_ep250_lr0.001_optRMSprop_dc0.1_df0.3_wd0.0\metrics.json,treinamento_imagens_4_fase2,treinamento_imagens_4_fase2_2026-04-04_16-35-10_bs32_ep250_lr0.001_optRMSprop_dc0.1_df0.3_wd0.0
treinamento_imagens_4_fase1_2026-04-03_00-15-22_bs32_ep200_lr0.001_optAdamW_dc0.25_df0.3_wd0.0001,C:\tcc mesonet\experiments\mesonet\treinamento_imagens_4_fase1\treinamento_imagens_4_fase1_2026-04-03_00-15-22_bs32_ep200_lr0.001_optAdamW_dc0.25_df0.3_wd0.0001,42,cuda,256,32,200,200,0.001,AdamW,0.25,0.3,0.0001,False,10.0,0.50032,1,0.50032,0.693147,4784.6584,0.50032,0.25016,0.5,0.333476,C:\tcc mesonet\experiments\mesonet\treinamento_imagens_4_fase1\treinamento_imagens_4_fase1_2026-04-03_00-15-22_bs32_ep200_lr0.001_optAdamW_dc0.25_df0.3_wd0.0001\best_model.pt,C:\tcc mesonet\experiments\mesonet\treinamento_imagens_4_fase1\treinamento_imagens_4_fase1_2026-04-03_00-15-22_bs32_ep200_lr0.001_optAdamW_dc0.25_df0.3_wd0.0001\metrics.json,treinamento_imagens_4_fase1,treinamento_imagens_4_fase1_2026-04-03_00-15-22_bs32_ep200_lr0.001_optAdamW_dc0.25_df0.3_wd0.0001
treinamento_imagens_4_fase1_1_2026-04-03_17-11-37_bs32_ep250_lr0.001_optAdamW_dc0.25_df0.3_wd0.0001,C:\tcc mesonet\experiments\mesonet\treinamento_imagens_4_fase1_1\treinamento_imagens_4_fase1_1_2026-04-03_17-11-37_bs32_ep250_lr0.001_optAdamW_dc0.25_df0.3_wd0.0001,42,cuda,256,32,250,250,0.001,AdamW,0.25,0.3,0.0001,False,10.0,0.50032,1,0.50032,0.693166,5933.0394,0.50032,0.25016,0.5,0.333476,C:\tcc mesonet\experiments\mesonet\treinamento_imagens_4_fase1_1\treinamento_imagens_4_fase1_1_2026-04-03_17-11-37_bs32_ep250_lr0.001_optAdamW_dc0.25_df0.3_wd0.0001\best_model.pt,C:\tcc mesonet\experiments\mesonet\treinamento_imagens_4_fase1_1\treinamento_imagens_4_fase1_1_2026-04-03_17-11-37_bs32_ep250_lr0.001_optAdamW_dc0.25_df0.3_wd0.0001\metrics.json,treinamento_imagens_4_fase1_1,treinamento_imagens_4_fase1_1_2026-04-03_17-11-37_bs32_ep250_lr0.001_optAdamW_dc0.25_df0.3_wd0.0001
treinamento_imagens_4_fase2_2026-04-04_23-09-17_bs32_ep250_lr0.001_optRMSprop_dc0.1_df0.5_wd0.0,C:\tcc mesonet\experiments\mesonet\treinamento_imagens_4_fase2\treinamento_imagens_4_fase2_2026-04-04_23-09-17_bs32_ep250_lr0.001_optRMSprop_dc0.1_df0.5_wd0.0,42,cuda,256,32,250,250,0.001,RMSprop,0.1,0.5,0.0,False,10.0,0.50032,2,0.50032,0.693341,5906.8982,0.50032,0.25016,0.5,0.333476,C:\tcc mesonet\experiments\mesonet\treinamento_imagens_4_fase2\treinamento_imagens_4_fase2_2026-04-04_23-09-17_bs32_ep250_lr0.001_optRMSprop_dc0.1_df0.5_wd0.0\best_model.pt,C:\tcc mesonet\experiments\mesonet\treinamento_imagens_4_fase2\treinamento_imagens_4_fase2_2026-04-04_23-09-17_bs32_ep250_lr0.001_optRMSprop_dc0.1_df0.5_wd0.0\metrics.json,treinamento_imagens_4_fase2,treinamento_imagens_4_fase2_2026-04-04_23-09-17_bs32_ep250_lr0.001_optRMSprop_dc0.1_df0.5_wd0.0
treinamento_imagens_4_fase2_2026-04-05_21-46-47_bs32_ep250_lr0.001_optRMSprop_dc0.25_df0.5_wd0.0,C:\tcc mesonet\experiments\mesonet\treinamento_imagens_4_fase2\treinamento_imagens_4_fase2_2026-04-05_21-46-47_bs32_ep250_lr0.001_optRMSprop_dc0.25_df0.5_wd0.0,42,cuda,256,32,250,250,0.001,RMSprop,0.25,0.5,0.0,False,10.0,0.50032,2,0.50032,0.693341,5885.5424,0.50032,0.25016,0.5,0.333476,C:\tcc mesonet\experiments\mesonet\treinamento_imagens_4_fase2\treinamento_imagens_4_fase2_2026-04-05_21-46-47_bs32_ep250_lr0.001_optRMSprop_dc0.25_df0.5_wd0.0\best_model.pt,C:\tcc mesonet\experiments\mesonet\treinamento_imagens_4_fase2\treinamento_imagens_4_fase2_2026-04-05_21-46-47_bs32_ep250_lr0.001_optRMSprop_dc0.25_df0.5_wd0.0\metrics.json,treinamento_imagens_4_fase2,treinamento_imagens_4_fase2_2026-04-05_21-46-47_bs32_ep250_lr0.001_optRMSprop_dc0.25_df0.5_wd0.0
treinamento_imagens_4_fase2_2026-04-05_05-44-33_bs32_ep250_lr0.001_optRMSprop_dc0.1_df0.7_wd0.0,C:\tcc mesonet\experiments\mesonet\treinamento_imagens_4_fase2\treinamento_imagens_4_fase2_2026-04-05_05-44-33_bs32_ep250_lr0.001_optRMSprop_dc0.1_df0.7_wd0.0,42,cuda,256,32,250,250,0.001,RMSprop,0.1,0.7,0.0,False,10.0,0.50032,2,0.50032,0.693341,5916.1722,0.50032,0.25016,0.5,0.333476,C:\tcc mesonet\experiments\mesonet\treinamento_imagens_4_fase2\treinamento_imagens_4_fase2_2026-04-05_05-44-33_bs32_ep250_lr0.001_optRMSprop_dc0.1_df0.7_wd0.0\best_model.pt,C:\tcc mesonet\experiments\mesonet\treinamento_imagens_4_fase2\treinamento_imagens_4_fase2_2026-04-05_05-44-33_bs32_ep250_lr0.001_optRMSprop_dc0.1_df0.7_wd0.0\metrics.json,treinamento_imagens_4_fase2,treinamento_imagens_4_fase2_2026-04-05_05-44-33_bs32_ep250_lr0.001_optRMSprop_dc0.1_df0.7_wd0.0
treinamento_imagens_4_fase2_2026-04-05_12-21-08_bs32_ep250_lr0.001_optRMSprop_dc0.25_df0.3_wd0.0,C:\tcc mesonet\experiments\mesonet\treinamento_imagens_4_fase2\treinamento_imagens_4_fase2_2026-04-05_12-21-08_bs32_ep250_lr0.001_optRMSprop_dc0.25_df0.3_wd0.0,42,cuda,256,32,250,250,0.001,RMSprop,0.25,0.3,0.0,False,10.0,0.50032,2,0.50032,0.693341,5946.4236,0.50032,0.25016,0.5,0.333476,C:\tcc mesonet\experiments\mesonet\treinamento_imagens_4_fase2\treinamento_imagens_4_fase2_2026-04-05_12-21-08_bs32_ep250_lr0.001_optRMSprop_dc0.25_df0.3_wd0.0\best_model.pt,C:\tcc mesonet\experiments\mesonet\treinamento_imagens_4_fase2\treinamento_imagens_4_fase2_2026-04-05_12-21-08_bs32_ep250_lr0.001_optRMSprop_dc0.25_df0.3_wd0.0\metrics.json,treinamento_imagens_4_fase2,treinamento_imagens_4_fase2_2026-04-05_12-21-08_bs32_ep250_lr0.001_optRMSprop_dc0.25_df0.3_wd0.0
treinamento_imagens_4_fase2_2026-04-06_04-17-40_bs32_ep250_lr0.001_optRMSprop_dc0.25_df0.7_wd0.0,C:\tcc mesonet\experiments\mesonet\treinamento_imagens_4_fase2\treinamento_imagens_4_fase2_2026-04-06_04-17-40_bs32_ep250_lr0.001_optRMSprop_dc0.25_df0.7_wd0.0,42,cuda,256,32,250,250,0.001,RMSprop,0.25,0.7,0.0,False,10.0,0.50032,2,0.50032,0.693341,5879.1021,0.50032,0.25016,0.5,0.333476,C:\tcc mesonet\experiments\mesonet\treinamento_imagens_4_fase2\treinamento_imagens_4_fase2_2026-04-06_04-17-40_bs32_ep250_lr0.001_optRMSprop_dc0.25_df0.7_wd0.0\best_model.pt,C:\tcc mesonet\experiments\mesonet\treinamento_imagens_4_fase2\treinamento_imagens_4_fase2_2026-04-06_04-17-40_bs32_ep250_lr0.001_optRMSprop_dc0.25_df0.7_wd0.0\metrics.json,treinamento_imagens_4_fase2,treinamento_imagens_4_fase2_2026-04-06_04-17-40_bs32_ep250_lr0.001_optRMSprop_dc0.25_df0.7_wd0.0
treinamento_imagens_4_fase2_2026-04-07_00-07-30_bs32_ep250_lr0.001_optRMSprop_dc0.3_df0.3_wd0.0,C:\tcc mesonet\experiments\mesonet\treinamento_imagens_4_fase2\treinamento_imagens_4_fase2_2026-04-07_00-07-30_bs32_ep250_lr0.001_optRMSprop_dc0.3_df0.3_wd0.0,42,cuda,256,32,250,250,0.001,RMSprop,0.3,0.3,0.0,False,10.0,0.50032,2,0.50032,0.693341,5973.0921,0.50032,0.25016,0.5,0.333476,C:\tcc mesonet\experiments\mesonet\treinamento_imagens_4_fase2\treinamento_imagens_4_fase2_2026-04-07_00-07-30_bs32_ep250_lr0.001_optRMSprop_dc0.3_df0.3_wd0.0\best_model.pt,C:\tcc mesonet\experiments\mesonet\treinamento_imagens_4_fase2\treinamento_imagens_4_fase2_2026-04-07_00-07-30_bs32_ep250_lr0.001_optRMSprop_dc0.3_df0.3_wd0.0\metrics.json,treinamento_imagens_4_fase2,treinamento_imagens_4_fase2_2026-04-07_00-07-30_bs32_ep250_lr0.001_optRMSprop_dc0.3_df0.3_wd0.0
treinamento_imagens_4_fase2_2026-04-07_06-44-34_bs32_ep250_lr0.001_optRMSprop_dc0.3_df0.5_wd0.0,C:\tcc mesonet\experiments\mesonet\treinamento_imagens_4_fase2\treinamento_imagens_4_fase2_2026-04-07_06-44-34_bs32_ep250_lr0.001_optRMSprop_dc0.3_df0.5_wd0.0,42,cuda,256,32,250,250,0.001,RMSprop,0.3,0.5,0.0,False,10.0,0.50032,2,0.50032,0.693341,5945.7366,0.50032,0.25016,0.5,0.333476,C:\tcc mesonet\experiments\mesonet\treinamento_imagens_4_fase2\treinamento_imagens_4_fase2_2026-04-07_06-44-34_bs32_ep250_lr0.001_optRMSprop_dc0.3_df0.5_wd0.0\best_model.pt,C:\tcc mesonet\experiments\mesonet\treinamento_imagens_4_fase2\treinamento_imagens_4_fase2_2026-04-07_06-44-34_bs32_ep250_lr0.001_optRMSprop_dc0.3_df0.5_wd0.0\metrics.json,treinamento_imagens_4_fase2,treinamento_imagens_4_fase2_2026-04-07_06-44-34_bs32_ep250_lr0.001_optRMSprop_dc0.3_df0.5_wd0.0
treinamento_imagens_4_fase2_2026-04-07_21-33-03_bs32_ep250_lr0.001_optRMSprop_dc0.3_df0.7_wd0.0,C:\tcc mesonet\experiments\mesonet\treinamento_imagens_4_fase2\treinamento_imagens_4_fase2_2026-04-07_21-33-03_bs32_ep250_lr0.001_optRMSprop_dc0.3_df0.7_wd0.0,42,cuda,256,32,250,250,0.001,RMSprop,0.3,0.7,0.0,False,10.0,0.50032,2,0.50032,0.693341,5924.6554,0.50032,0.25016,0.5,0.333476,C:\tcc mesonet\experiments\mesonet\treinamento_imagens_4_fase2\treinamento_imagens_4_fase2_2026-04-07_21-33-03_bs32_ep250_lr0.001_optRMSprop_dc0.3_df0.7_wd0.0\best_model.pt,C:\tcc mesonet\experiments\mesonet\treinamento_imagens_4_fase2\treinamento_imagens_4_fase2_2026-04-07_21-33-03_bs32_ep250_lr0.001_optRMSprop_dc0.3_df0.7_wd0.0\metrics.json,treinamento_imagens_4_fase2,treinamento_imagens_4_fase2_2026-04-07_21-33-03_bs32_ep250_lr0.001_optRMSprop_dc0.3_df0.7_wd0.0
